Temp,DewPoint,Humidity,WindSpd,Pressure,Visibility,Next_Temp
3.3,3.3,100,14,99.07,24.1,3.1
3.1,3.1,100,11,99.08,24.1,3.4
3.4,2.9,96,9,99.09,24.1,3.7
3.7,1.6,86,19,99.2,24.1,3.4
3.4,1.6,88,8,99.18,24.1,3.1
3.1,2.6,97,8,99.22,24.1,3.5
3.5,2.4,93,18,99.3,24.1,3.2
3.2,-0.3,78,21,99.38,24.1,2.9
2.9,-0.1,81,21,99.37,24.1,3.0
3.0,0.7,85,7,99.36,24.1,3.2
3.2,0.3,81,10,99.38,24.1,2.9
2.9,0.7,85,10,99.38,9.7,2.7
2.7,2.7,100,10,99.31,9.7,2.9
2.9,2.9,100,7,99.26,16.1,3.1
3.1,3.1,100,13,99.27,6.4,3.2
3.2,3.2,100,8,99.28,8.1,3.4
3.4,3.4,100,6,99.26,9.7,3.4
3.4,3.3,99,11,99.32,8.1,3.1
3.1,3.1,100,8,99.35,9.7,3.4
3.4,3.4,100,10,99.42,9.7,2.9
2.9,2.9,100,14,99.44,16.1,3.2
3.2,3.2,100,10,99.44,16.1,3.6
3.6,3.6,100,12,99.44,9.7,3.9
3.9,3.9,100,12,99.46,9.7,4.1
4.1,4.1,100,10,99.5,9.7,4.1
4.1,4.1,100,7,99.51,9.7,4.4
4.4,4.3,99,7,99.53,16.1,4.5
4.5,3.7,95,13,99.59,16.1,4.3
4.3,3.7,96,16,99.59,16.1,4.0
4.0,1.8,85,18,99.65,16.1,3.6
3.6,1.8,88,14,99.69,16.1,3.5
3.5,2.0,90,10,99.74,24.1,3.4
3.4,1.3,86,13,99.75,19.3,3.4
3.4,1.7,89,11,99.79,19.3,4.0
4.0,1.4,83,12,99.86,19.3,4.2
4.2,0.6,77,8,99.91,19.3,4.3
4.3,0.6,77,9,99.89,19.3,4.7
4.7,0.2,72,7,99.87,19.3,4.7
4.7,0.3,74,7,99.81,24.1,4.8
4.8,0.1,72,3,99.82,24.1,4.7
4.7,0.6,75,5,99.87,24.1,4.1
4.1,0.4,77,7,99.91,24.1,3.7
3.7,1.4,85,7,99.94,24.1,3.5
3.5,1.5,87,4,99.99,24.1,2.8
2.8,1.3,90,5,99.9,24.1,2.3
2.3,1.9,97,7,99.89,24.1,2.2
2.2,2.0,99,5,99.91,24.1,2.3
2.3,2.2,99,5,99.87,24.1,2.1
2.1,2.1,100,8,99.76,24.1,2.2
2.2,1.6,96,4,99.71,16.1,1.7
1.7,1.7,100,5,99.64,16.1,1.5
1.5,1.2,98,7,99.63,12.9,1.3
1.3,1.3,100,0,99.58,8.1,1.7
1.7,1.7,100,10,99.49,6.4,1.7
1.7,1.7,100,7,99.41,6.4,2.4
2.4,2.4,100,9,99.34,6.4,3.1
3.1,3.1,100,12,99.27,4.8,3.5
3.5,3.5,100,13,99.2,4.8,3.6
3.6,3.1,97,17,99.18,6.4,3.9
3.9,2.7,92,16,99.13,9.7,3.9
3.9,2.3,89,17,99.01,6.4,3.6
3.6,3.3,98,15,98.94,6.4,3.4
3.4,3.4,100,15,98.79,4.8,3.3
3.3,3.3,100,12,98.71,6.4,3.3
3.3,3.0,98,10,98.73,6.4,3.0
3.0,3.0,100,12,98.69,4.0,3.2
3.2,3.2,100,10,98.72,4.8,3.2
3.2,3.2,100,14,98.66,6.4,2.8
2.8,2.8,100,9,98.77,6.4,2.6
2.6,2.6,100,9,98.76,4.8,2.6
2.6,2.6,100,7,98.76,8.1,2.6
2.6,2.6,100,8,98.76,6.4,2.6
2.6,2.6,100,9,98.75,4.8,2.6
2.6,2.6,100,6,98.76,4.8,2.4
2.4,2.4,100,12,98.81,6.4,2.2
2.2,2.2,100,6,98.88,4.8,2.1
2.1,2.1,100,10,98.86,4.8,2.1
2.1,2.1,100,8,98.89,6.4,2.1
2.1,2.1,100,9,98.92,4.8,2.2
2.2,2.2,100,11,98.92,4.0,2.3
2.3,2.3,100,11,98.93,3.2,2.4
2.4,2.4,100,13,99.0,1.6,2.3
2.3,2.3,100,10,99.02,2.4,2.5
2.5,2.5,100,18,98.86,4.8,2.6
2.6,2.6,100,12,98.94,6.4,2.8
2.8,2.8,100,16,98.85,4.0,2.5
2.5,2.5,100,13,98.76,3.2,2.8
2.8,2.8,100,17,98.7,6.4,2.7
2.7,2.7,100,19,98.61,6.4,2.7
2.7,2.7,100,14,98.55,8.1,2.8
2.8,2.8,100,13,98.57,6.4,2.9
2.9,2.9,100,7,98.64,6.4,3.1
3.1,3.1,100,11,98.54,16.1,3.6
3.6,3.6,100,3,98.72,19.3,3.1
3.1,3.1,100,5,98.69,9.7,3.0
3.0,3.0,100,4,98.79,9.7,2.7
2.7,2.7,100,9,98.86,3.2,2.6
2.6,2.6,100,5,98.84,2.4,2.6
2.6,2.6,100,6,98.94,0.8,2.7
2.7,2.7,100,4,98.98,0.6,2.8
2.8,2.8,100,7,98.99,0.4,3.0
3.0,3.0,100,9,99.0,0.2,3.1
3.1,3.1,100,12,99.02,0.4,3.0
3.0,3.0,100,21,99.03,4.8,2.9
2.9,2.9,100,18,99.03,6.4,2.9
2.9,2.9,100,21,99.09,6.4,2.8
2.8,2.8,100,20,99.17,9.7,3.2
3.2,3.1,99,16,99.23,24.1,4.0
4.0,1.1,81,15,99.17,24.1,4.0
4.0,0.3,77,16,99.12,24.1,3.8
3.8,0.1,77,20,99.13,24.1,3.3
3.3,1.1,85,20,99.15,16.1,3.5
3.5,1.3,86,12,99.18,19.3,3.6
3.6,1.3,85,15,99.2,19.3,3.5
3.5,1.1,85,8,99.19,24.1,3.5
3.5,1.1,84,7,99.23,24.1,3.5
3.5,1.2,85,8,99.24,24.1,3.4
3.4,1.7,88,8,99.24,19.3,3.3
3.3,2.0,91,13,99.24,16.1,2.9
2.9,2.3,96,8,99.19,19.3,2.6
2.6,2.4,99,10,99.2,24.1,2.3
2.3,2.3,100,9,99.14,16.1,2.2
2.2,2.2,100,7,99.16,16.1,2.0
2.0,2.0,100,10,99.19,16.1,2.0
2.0,1.8,99,8,99.2,16.1,2.1
2.1,2.1,100,12,99.2,9.7,2.3
2.3,2.3,100,12,99.25,9.7,2.2
2.2,2.2,100,14,99.31,16.1,2.2
2.2,2.2,100,13,99.36,16.1,2.5
2.5,1.3,92,11,99.4,16.1,2.7
2.7,1.2,90,15,99.47,19.3,2.9
2.9,1.2,88,15,99.52,24.1,3.2
3.2,2.2,93,17,99.51,24.1,3.5
3.5,1.4,86,20,99.49,24.1,3.9
3.9,0.8,80,18,99.5,24.1,3.8
3.8,-0.9,71,30,99.54,24.1,3.5
3.5,-0.4,76,21,99.62,24.1,2.9
2.9,-0.1,81,20,99.67,24.1,2.3
2.3,-0.2,84,16,99.76,24.1,2.2
2.2,-1.0,79,18,99.85,24.1,1.9
1.9,-0.2,86,12,99.9,24.1,1.9
1.9,0.0,87,11,99.89,24.1,1.9
1.9,0.3,89,12,99.88,24.1,1.9
1.9,0.9,93,12,99.89,24.1,1.8
1.8,1.6,99,10,99.89,24.1,2.0
2.0,1.5,96,14,99.88,24.1,2.0
2.0,1.8,99,13,99.89,24.1,1.9
1.9,1.7,98,10,99.92,24.1,1.9
1.9,1.4,96,12,99.93,24.1,1.6
1.6,1.1,96,10,99.95,24.1,1.9
1.9,-0.7,83,15,99.98,24.1,1.8
1.8,-0.4,85,11,100.04,24.1,1.7
1.7,-0.6,85,17,100.07,24.1,1.3
1.3,1.0,98,14,100.15,24.1,1.6
1.6,-0.1,89,17,100.21,24.1,0.3
0.3,-1.2,90,18,100.28,24.1,0.2
0.2,-2.4,83,17,100.29,24.1,0.0
0.0,-3.8,76,20,100.3,24.1,0.2
0.2,-4.3,72,19,100.31,24.1,1.0
1.0,-6.2,59,24,100.35,24.1,0.2
0.2,-7.3,57,20,100.42,24.1,-2.1
-2.1,-7.5,67,23,100.54,24.1,-4.2
-4.2,-8.5,72,28,100.6,24.1,-4.7
-4.7,-8.0,78,28,100.73,24.1,-4.7
-4.7,-8.0,78,23,100.75,24.1,-4.5
-4.5,-7.8,78,20,100.79,24.1,-4.5
-4.5,-8.0,77,19,100.8,24.1,-4.7
-4.7,-8.4,76,14,100.82,24.1,-4.8
-4.8,-8.9,74,7,100.79,24.1,-4.9
-4.9,-8.9,73,7,100.78,24.1,-5.2
-5.2,-9.3,73,10,100.77,24.1,-5.4
-5.4,-9.2,75,14,100.78,24.1,-5.4
-5.4,-9.8,72,12,100.74,24.1,-5.7
-5.7,-9.9,72,4,100.7,24.1,-5.8
-5.8,-9.3,77,3,100.67,24.1,-5.2
-5.2,-8.0,81,7,100.66,24.1,-4.9
-4.9,-7.7,81,14,100.61,24.1,-4.6
-4.6,-7.5,80,11,100.59,24.1,-4.6
-4.6,-8.3,76,12,100.57,19.3,-4.3
-4.3,-8.1,75,8,100.5,16.1,-3.4
-3.4,-7.0,76,9,100.39,24.1,-3.1
-3.1,-7.1,74,10,100.29,24.1,-2.8
-2.8,-7.1,72,9,100.2,9.7,-2.6
-2.6,-6.9,73,5,100.14,24.1,-2.9
-2.9,-6.4,77,4,100.04,24.1,-2.6
-2.6,-6.3,76,8,99.97,24.1,-2.5
-2.5,-6.3,75,4,99.94,24.1,-2.4
-2.4,-6.0,77,9,99.93,24.1,-2.3
-2.3,-5.5,79,12,99.92,24.1,-2.5
-2.5,-5.7,79,7,99.87,24.1,-2.5
-2.5,-6.0,77,9,99.79,24.1,-2.4
-2.4,-6.1,76,16,99.72,24.1,-2.4
-2.4,-5.8,78,16,99.69,24.1,-2.2
-2.2,-6.2,74,17,99.64,24.1,-2.1
-2.1,-5.9,75,18,99.59,24.1,-2.0
-2.0,-6.1,74,14,99.54,24.1,-1.9
-1.9,-5.9,74,14,99.46,24.1,-2.0
-2.0,-5.5,77,14,99.47,24.1,-2.6
-2.6,-5.2,83,18,99.48,24.1,-2.4
-2.4,-4.9,83,20,99.53,24.1,-2.1
-2.1,-4.8,82,14,99.52,24.1,-1.4
-1.4,-4.5,79,18,99.5,24.1,-0.6
-0.6,-4.6,74,25,99.48,24.1,0.3
0.3,-3.8,74,35,99.46,24.1,0.3
0.3,-2.9,79,27,99.38,24.1,0.6
0.6,-2.4,80,23,99.33,19.3,1.1
1.1,-2.3,78,27,99.27,16.1,1.0
1.0,-2.1,80,29,99.29,16.1,0.9
0.9,-1.9,82,30,99.35,16.1,0.6
0.6,-1.7,84,29,99.4,9.7,0.6
0.6,-1.4,87,24,99.41,9.7,0.4
0.4,-0.7,92,26,99.43,9.7,0.3
0.3,0.3,100,17,99.47,9.7,0.3
0.3,0.3,100,16,99.47,9.7,0.6
0.6,-0.2,94,16,99.49,9.7,0.4
0.4,0.3,99,14,99.49,9.7,0.6
0.6,0.0,96,17,99.49,16.1,0.7
0.7,-0.8,90,13,99.48,24.1,0.5
0.5,-1.5,87,15,99.53,24.1,0.3
0.3,-1.6,87,13,99.55,24.1,-0.2
-0.2,-1.1,94,10,99.56,24.1,-0.4
-0.4,-1.5,92,10,99.57,24.1,-0.7
-0.7,-0.8,100,10,99.6,24.1,-1.1
-1.1,-2.8,88,13,99.63,24.1,-1.0
-1.0,-2.8,88,9,99.65,24.1,-0.8
-0.8,-4.1,78,10,99.69,24.1,-0.5
-0.5,-3.0,83,10,99.73,24.1,-0.4
-0.4,-4.7,73,12,99.73,24.1,-0.5
-0.5,-5.3,70,9,99.7,24.1,-0.4
-0.4,-5.3,70,4,99.66,24.1,-0.3
-0.3,-5.1,70,8,99.66,24.1,-0.4
-0.4,-4.5,74,7,99.69,24.1,-0.5
-0.5,-4.5,75,8,99.73,24.1,-0.6
-0.6,-4.6,74,7,99.75,24.1,-0.7
-0.7,-5.5,70,9,99.81,24.1,-1.0
-1.0,-6.4,67,11,99.84,24.1,-1.1
-1.1,-5.8,70,10,99.94,24.1,-1.2
-1.2,-5.9,70,9,99.93,24.1,-1.0
-1.0,-5.7,71,9,99.95,24.1,-1.6
-1.6,-5.2,76,18,99.94,24.1,-1.9
-1.9,-5.3,78,14,99.94,24.1,-2.4
-2.4,-5.8,78,19,100.02,24.1,-3.2
-3.2,-6.1,80,17,99.99,24.1,-3.6
-3.6,-6.0,83,15,100.01,24.1,-4.5
-4.5,-6.1,88,15,99.99,24.1,-4.8
-4.8,-6.4,89,17,99.99,24.1,-5.0
-5.0,-6.7,88,14,100.03,24.1,-4.9
-4.9,-6.4,89,20,99.98,24.1,-5.0
-5.0,-5.8,94,16,99.96,12.9,-4.8
-4.8,-5.6,94,17,99.97,24.1,-4.1
-4.1,-4.4,98,12,99.96,24.1,-3.4
-3.4,-3.4,100,11,99.86,12.9,-1.1
-1.1,-2.6,90,18,99.77,24.1,-1.0
-1.0,-1.8,94,16,99.67,24.1,-1.7
-1.7,-1.8,99,11,99.63,19.3,-1.2
-1.2,-1.2,100,16,99.61,6.4,-0.7
-0.7,-0.7,100,13,99.62,9.7,-0.1
-0.1,-0.1,100,18,99.56,16.1,0.3
0.3,0.3,100,13,99.59,16.1,0.3
0.3,0.3,100,15,99.55,16.1,0.8
0.8,0.8,100,18,99.5,16.1,1.1
1.1,1.1,100,14,99.47,16.1,1.3
1.3,1.3,100,17,99.45,24.1,1.2
1.2,1.2,100,17,99.42,12.9,1.1
1.1,1.1,100,13,99.37,12.9,1.0
1.0,1.0,100,12,99.28,9.7,1.0
1.0,1.0,100,10,99.23,9.7,1.1
1.1,1.1,100,10,99.18,9.7,1.6
1.6,1.6,100,8,99.11,9.7,2.9
2.9,1.3,89,10,99.07,12.9,2.7
2.7,2.7,100,14,99.07,6.4,2.4
2.4,2.4,100,10,99.0,3.2,2.5
2.5,2.5,100,9,99.06,1.2,2.6
2.6,2.6,100,4,99.03,0.8,2.8
2.8,2.8,100,4,99.08,0.4,3.0
3.0,3.0,100,3,99.02,0.4,3.3
3.3,3.3,100,3,98.88,0.8,3.6
3.6,3.6,100,8,98.8,3.2,3.5
3.5,3.5,100,5,98.77,4.8,3.5
3.5,3.5,100,11,98.74,6.4,3.1
3.1,3.1,100,20,98.74,4.0,2.6
2.6,2.6,100,22,98.72,4.8,1.9
1.9,1.9,100,26,98.68,9.7,1.7
1.7,1.7,100,27,98.6,6.4,1.4
1.4,1.4,100,27,98.64,6.4,0.6
0.6,0.6,100,30,98.62,2.4,0.6
0.6,0.6,100,30,98.52,2.4,0.7
0.7,0.7,100,30,98.49,4.0,0.5
0.5,0.5,100,37,98.51,2.0,-0.5
-0.5,-0.5,100,41,98.53,2.4,-1.3
-1.3,-1.3,100,33,98.56,2.0,-1.8
-1.8,-2.7,94,32,98.64,3.2,-2.4
-2.4,-2.6,98,36,98.67,2.0,-2.5
-2.5,-3.2,95,37,98.7,4.0,-2.6
-2.6,-4.2,89,37,98.77,9.7,-2.9
-2.9,-4.7,87,34,98.85,6.4,-3.1
-3.1,-5.2,86,36,98.91,6.4,-3.5
-3.5,-5.7,85,43,98.96,8.1,-3.5
-3.5,-6.3,82,35,99.07,9.7,-3.7
-3.7,-6.9,78,30,99.15,9.7,-4.1
-4.1,-7.3,78,41,99.15,4.8,-4.3
-4.3,-7.6,77,40,99.2,6.4,-4.0
-4.0,-7.5,77,29,99.23,4.8,-4.3
-4.3,-7.2,80,30,99.28,4.8,-4.4
-4.4,-8.1,76,32,99.37,6.4,-4.7
-4.7,-7.5,81,33,99.39,6.4,-4.8
-4.8,-8.1,78,35,99.44,8.1,-5.0
-5.0,-9.5,71,35,99.57,24.1,-5.4
-5.4,-9.1,75,25,99.64,24.1,-6.2
-6.2,-10.3,73,30,99.69,24.1,-7.2
-7.2,-11.2,73,24,99.69,24.1,-8.2
-8.2,-11.8,75,26,99.71,24.1,-9.1
-9.1,-12.9,74,29,99.74,24.1,-9.2
-9.2,-12.3,78,28,99.74,24.1,-10.4
-10.4,-13.8,76,19,99.73,24.1,-10.5
-10.5,-13.8,77,23,99.78,24.1,-10.1
-10.1,-13.2,78,19,99.82,24.1,-10.1
-10.1,-13.6,76,24,99.85,24.1,-9.8
-9.8,-12.8,79,23,99.89,24.1,-10.2
-10.2,-13.1,80,26,99.95,24.1,-10.3
-10.3,-13.3,79,24,100.02,24.1,-10.3
-10.3,-13.2,80,28,100.05,24.1,-10.4
-10.4,-13.3,80,20,100.05,24.1,-9.1
-9.1,-12.4,77,25,100.09,24.1,-7.0
-7.0,-11.0,73,19,100.04,24.1,-5.6
-5.6,-10.7,67,17,99.99,24.1,-4.5
-4.5,-9.7,67,16,100.0,24.1,-3.5
-3.5,-8.5,68,22,100.04,24.1,-3.8
-3.8,-9.1,67,22,100.11,24.1,-4.7
-4.7,-10.1,66,22,100.18,24.1,-5.4
-5.4,-9.7,72,23,100.24,24.1,-6.0
-6.0,-10.0,73,23,100.29,24.1,-6.3
-6.3,-10.0,75,25,100.34,24.1,-6.8
-6.8,-9.5,81,22,100.33,24.1,-7.2
-7.2,-9.6,83,19,100.36,24.1,-7.8
-7.8,-10.2,83,11,100.33,24.1,-9.3
-9.3,-11.0,88,13,100.32,24.1,-9.8
-9.8,-12.0,84,10,100.31,24.1,-10.4
-10.4,-12.8,83,11,100.33,24.1,-10.2
-10.2,-14.0,74,7,100.37,24.1,-10.1
-10.1,-13.9,74,12,100.42,24.1,-10.4
-10.4,-13.4,79,8,100.47,24.1,-10.2
-10.2,-13.8,75,10,100.55,24.1,-9.9
-9.9,-13.5,75,14,100.6,24.1,-10.3
-10.3,-13.8,76,11,100.6,24.1,-9.2
-9.2,-13.0,75,7,100.61,24.1,-7.4
-7.4,-12.2,69,8,100.66,24.1,-5.1
-5.1,-11.2,63,0,100.67,24.1,-3.5
-3.5,-10.7,58,0,100.58,24.1,-2.0
-2.0,-8.2,63,4,100.54,24.1,-1.7
-1.7,-7.6,64,10,100.49,24.1,-1.8
-1.8,-6.7,69,11,100.45,24.1,-2.2
-2.2,-6.7,71,8,100.4,24.1,-3.1
-3.1,-6.2,79,9,100.46,24.1,-3.5
-3.5,-5.6,85,4,100.48,24.1,-3.7
-3.7,-5.5,88,6,100.5,24.1,-3.7
-3.7,-5.0,91,5,100.48,22.5,-4.2
-4.2,-4.8,96,5,100.44,24.1,-3.5
-3.5,-4.4,94,5,100.41,24.1,-3.5
-3.5,-4.5,93,8,100.34,24.1,-4.2
-4.2,-4.9,95,5,100.33,24.1,-4.7
-4.7,-4.9,98,8,100.27,24.1,-5.6
-5.6,-5.6,100,9,100.3,19.3,-5.8
-5.8,-5.8,100,8,100.27,24.1,-6.2
-6.2,-7.2,93,9,100.25,24.1,-5.4
-5.4,-7.1,88,9,100.19,24.1,-6.3
-6.3,-7.8,89,8,100.17,24.1,-6.2
-6.2,-8.2,86,11,100.15,24.1,-6.5
-6.5,-10.0,76,7,100.13,24.1,-5.1
-5.1,-8.5,77,8,100.09,24.1,-3.6
-3.6,-8.0,72,6,100.06,24.1,-1.4
-1.4,-6.2,70,9,100.0,24.1,0.4
0.4,-3.5,75,11,99.85,24.1,0.9
0.9,-2.9,76,12,99.68,24.1,0.7
0.7,-2.5,79,9,99.58,24.1,1.7
1.7,-6.4,55,9,99.55,24.1,0.1
0.1,-5.6,66,12,99.52,24.1,-0.6
-0.6,-3.2,83,9,99.43,24.1,-1.0
-1.0,-3.0,86,4,99.32,24.1,-1.6
-1.6,-3.3,89,5,99.29,24.1,-1.9
-1.9,-3.2,91,7,99.19,24.1,-1.9
-1.9,-2.5,96,4,99.1,24.1,-1.9
-1.9,-2.1,99,5,99.02,24.1,-0.8
-0.8,-0.8,100,8,98.9,24.1,0.0
0.0,0.0,100,9,98.8,24.1,0.6
0.6,-1.2,88,9,98.67,24.1,0.8
0.8,-1.4,85,9,98.59,24.1,1.1
1.1,-1.9,80,8,98.53,24.1,0.7
0.7,-0.2,93,4,98.47,19.3,1.1
1.1,1.1,100,9,98.38,16.1,1.0
1.0,1.0,100,8,98.33,6.4,0.9
0.9,0.9,100,9,98.28,9.7,1.3
1.3,1.3,100,12,98.22,8.1,1.5
1.5,1.5,100,10,98.19,6.4,1.8
1.8,1.8,100,10,98.14,2.0,2.3
2.3,2.3,100,9,98.09,2.0,2.6
2.6,2.6,100,8,97.99,1.2,2.9
2.9,2.9,100,8,97.91,1.2,3.1
3.1,3.1,100,7,97.86,0.8,3.2
3.2,3.2,100,10,97.84,0.4,3.3
3.3,3.3,100,12,97.83,0.4,3.4
3.4,3.4,100,7,97.84,0.4,3.5
3.5,3.5,100,8,97.86,0.4,3.5
3.5,3.5,100,3,97.91,0.6,3.4
3.4,3.4,100,5,97.93,3.2,3.8
3.8,3.8,100,13,97.96,24.1,4.2
4.2,4.2,100,14,98.02,24.1,4.2
4.2,4.0,99,22,98.09,24.1,3.9
3.9,3.9,100,20,98.12,24.1,3.7
3.7,3.5,98,19,98.15,24.1,3.6
3.6,3.3,98,19,98.2,24.1,3.6
3.6,3.1,97,23,98.29,24.1,3.5
3.5,3.1,97,19,98.35,24.1,3.3
3.3,3.2,99,13,98.44,24.1,3.5
3.5,2.7,95,19,98.55,24.1,3.5
3.5,1.8,89,24,98.67,24.1,3.4
3.4,2.8,95,19,98.78,24.1,3.5
3.5,3.4,99,22,98.91,24.1,3.8
3.8,3.1,95,19,99.05,24.1,4.7
4.7,2.7,87,30,99.11,24.1,4.6
4.6,2.8,88,27,99.11,24.1,4.6
4.6,2.5,86,24,99.1,24.1,4.7
4.7,1.8,82,23,99.16,24.1,4.2
4.2,2.0,86,21,99.32,24.1,4.2
4.2,1.7,84,21,99.34,24.1,4.1
4.1,1.3,82,19,99.5,24.1,3.6
3.6,1.3,85,12,99.56,24.1,3.6
3.6,1.1,83,11,99.65,24.1,2.7
2.7,2.2,96,11,99.65,24.1,2.2
2.2,1.8,97,15,99.67,19.3,1.9
1.9,1.3,96,10,99.67,24.1,1.8
1.8,1.2,96,12,99.66,24.1,1.6
1.6,0.6,93,10,99.64,24.1,1.4
1.4,0.4,93,16,99.59,24.1,1.7
1.7,0.4,91,9,99.53,24.1,1.8
1.8,0.2,89,10,99.52,24.1,1.7
1.7,0.8,93,16,99.49,24.1,1.4
1.4,0.3,93,20,99.41,24.1,1.1
1.1,-0.1,92,21,99.42,24.1,1.0
1.0,0.4,96,23,99.17,24.1,1.2
1.2,1.1,99,26,99.1,16.1,1.7
1.7,1.7,100,25,99.03,24.1,1.8
1.8,1.2,96,29,98.86,9.7,1.4
1.4,1.4,100,25,98.73,9.7,1.4
1.4,1.4,100,34,98.44,4.8,1.4
1.4,1.4,100,37,98.26,3.2,1.5
1.5,1.5,100,31,98.13,4.0,1.7
1.7,1.7,100,30,98.05,4.8,2.2
2.2,2.2,100,23,97.98,4.0,2.4
2.4,2.4,100,21,97.91,3.2,2.9
2.9,2.9,100,15,97.92,4.8,3.2
3.2,3.2,100,6,97.94,4.8,3.0
3.0,3.0,100,10,97.9,4.8,2.1
2.1,2.1,100,10,97.88,1.2,1.7
1.7,1.7,100,10,97.85,0.8,1.4
1.4,1.4,100,9,97.81,1.2,1.8
1.8,1.8,100,6,97.9,1.0,1.7
1.7,1.7,100,8,97.9,0.8,1.1
1.1,1.1,100,7,97.94,3.6,1.1
1.1,1.1,100,7,97.99,3.6,1.3
1.3,1.3,100,4,98.01,4.0,1.5
1.5,1.5,100,4,98.05,4.8,1.8
1.8,1.8,100,7,98.12,4.8,2.0
2.0,2.0,100,10,98.17,16.1,2.6
2.6,2.4,98,18,98.28,24.1,1.3
1.3,0.6,96,30,98.45,24.1,1.3
1.3,0.3,93,20,98.58,24.1,2.2
2.2,0.6,89,14,98.67,24.1,2.2
2.2,-0.9,80,28,98.7,24.1,1.8
1.8,-1.3,80,28,98.74,24.1,1.1
1.1,-2.1,79,30,98.82,24.1,0.9
0.9,-2.7,77,27,98.94,24.1,0.7
0.7,-3.2,75,25,99.05,24.1,0.3
0.3,-3.9,74,28,99.19,24.1,-0.3
-0.3,-3.6,79,21,99.32,24.1,-0.5
-0.5,-4.7,74,22,99.44,24.1,-0.7
-0.7,-4.9,74,30,99.55,24.1,-0.9
-0.9,-3.8,81,21,99.61,24.1,-0.9
-0.9,-4.4,77,19,99.65,24.1,-1.0
-1.0,-3.9,81,21,99.69,24.1,-0.8
-0.8,-3.3,83,17,99.73,24.1,-1.5
-1.5,-2.4,93,13,99.75,24.1,-1.8
-1.8,-3.0,92,10,99.8,24.1,-1.9
-1.9,-3.1,91,9,99.86,24.1,-1.6
-1.6,-3.0,90,13,99.88,24.1,-1.7
-1.7,-2.5,94,7,99.96,24.1,-1.3
-1.3,-5.2,75,18,100.02,24.1,-1.1
-1.1,-4.8,76,15,100.08,24.1,-1.1
-1.1,-4.8,76,21,100.1,24.1,-1.0
-1.0,-4.5,77,14,100.17,24.1,-0.9
-0.9,-4.1,79,12,100.18,24.1,-0.6
-0.6,-4.3,76,12,100.2,24.1,-0.2
-0.2,-4.7,72,7,100.12,24.1,0.0
0.0,-4.6,71,16,100.08,24.1,0.0
0.0,-4.9,69,14,99.99,24.1,0.0
0.0,-4.5,72,17,100.0,24.1,-0.2
-0.2,-4.8,71,16,100.05,24.1,-0.1
-0.1,-4.2,74,14,100.01,24.1,-0.2
-0.2,-3.5,78,10,100.01,24.1,-0.2
-0.2,-3.8,77,19,100.03,24.1,-0.2
-0.2,-4.3,74,11,100.0,24.1,0.0
0.0,-4.2,74,8,99.92,24.1,-0.2
-0.2,-3.1,81,9,99.91,24.1,0.0
0.0,-3.4,78,10,99.89,24.1,0.1
0.1,-4.7,70,18,99.84,24.1,0.2
0.2,-4.4,72,12,99.8,24.1,0.2
0.2,-3.9,74,10,99.76,24.1,0.3
0.3,-3.4,76,10,99.72,24.1,0.2
0.2,-2.7,81,9,99.7,24.1,0.2
0.2,-2.7,81,7,99.63,24.1,0.1
0.1,-2.6,82,5,99.57,24.1,0.2
0.2,-2.9,80,5,99.53,24.1,0.1
0.1,-2.7,81,0,99.46,24.1,0.4
0.4,-2.8,79,3,99.43,24.1,0.6
0.6,-2.4,80,6,99.4,24.1,0.8
0.8,-2.7,77,5,99.32,24.1,1.1
1.1,-2.4,78,10,99.28,24.1,1.2
1.2,-2.3,78,8,99.19,24.1,0.3
0.3,0.0,98,7,99.03,4.8,0.0
0.0,0.0,100,7,99.0,6.4,-0.4
-0.4,-0.4,100,9,99.0,1.6,-0.4
-0.4,-0.4,100,3,99.08,3.2,-0.6
-0.6,-0.6,100,4,99.04,4.8,-0.5
-0.5,-0.5,100,5,99.04,6.4,-0.4
-0.4,-0.4,100,10,99.02,6.4,-0.8
-0.8,-0.8,100,10,98.99,6.4,-1.8
-1.8,-1.8,100,11,98.92,16.1,-2.1
-2.1,-2.1,100,12,98.89,4.0,-2.6
-2.6,-2.6,100,22,98.82,4.8,-2.0
-2.0,-2.0,100,11,98.8,16.1,-1.9
-1.9,-1.9,100,19,98.8,19.3,-1.8
-1.8,-1.8,100,20,98.82,19.3,-2.1
-2.1,-2.1,100,24,98.83,16.1,-2.2
-2.2,-2.2,100,16,98.87,24.1,-3.0
-3.0,-3.0,100,23,98.91,16.1,-2.8
-2.8,-2.8,100,17,98.93,16.1,-2.3
-2.3,-2.8,97,22,98.99,16.1,-1.9
-1.9,-3.2,91,18,99.05,19.3,-1.8
-1.8,-3.0,92,16,99.1,24.1,-1.2
-1.2,-2.6,90,13,99.12,24.1,-0.4
-0.4,-2.4,87,14,99.1,24.1,0.2
0.2,-2.9,80,3,99.04,24.1,1.2
1.2,-1.8,80,16,99.02,24.1,1.7
1.7,-3.8,67,25,99.04,24.1,1.8
1.8,-3.7,67,21,99.1,24.1,1.2
1.2,-1.7,81,23,99.14,24.1,1.1
1.1,-1.8,81,17,99.15,24.1,0.9
0.9,-3.2,74,35,99.21,24.1,0.6
0.6,-2.5,80,22,99.22,24.1,0.4
0.4,-3.4,75,28,99.17,24.1,0.3
0.3,-3.9,73,31,99.17,24.1,0.0
0.0,-4.7,71,33,99.16,24.1,-0.3
-0.3,-4.4,74,27,99.15,24.1,-1.0
-1.0,-4.2,79,30,99.15,24.1,-1.3
-1.3,-4.6,78,31,99.25,24.1,-1.2
-1.2,-4.5,78,22,99.27,24.1,-1.4
-1.4,-3.3,87,25,99.27,8.1,-1.3
-1.3,-2.7,90,25,99.32,12.9,-0.6
-0.6,-2.7,86,28,99.32,24.1,-0.2
-0.2,-2.0,88,27,99.38,16.1,-0.2
-0.2,-1.0,94,22,99.49,12.9,0.2
0.2,0.0,99,20,99.6,9.7,0.9
0.9,-2.9,75,29,99.68,24.1,1.4
1.4,-2.8,74,30,99.73,24.1,2.3
2.3,-3.7,65,35,99.76,24.1,2.7
2.7,-4.4,60,30,99.79,24.1,1.6
1.6,-4.3,65,30,99.86,24.1,2.4
2.4,-4.5,61,26,99.88,24.1,1.7
1.7,-4.9,61,20,99.99,24.1,1.6
1.6,-5.2,60,28,100.13,24.1,0.3
0.3,-5.3,66,10,100.1,24.1,0.5
0.5,-4.7,68,19,100.21,24.1,-0.9
-0.9,-4.4,77,12,100.26,24.1,-1.4
-1.4,-4.8,78,10,100.28,24.1,-1.2
-1.2,-5.0,75,8,100.25,24.1,-2.0
-2.0,-5.2,79,4,100.21,24.1,-1.9
-1.9,-5.2,78,4,100.2,24.1,-2.0
-2.0,-4.5,83,4,100.13,24.1,-1.6
-1.6,-3.6,86,5,100.15,16.1,-2.0
-2.0,-3.7,88,4,100.13,16.1,-1.5
-1.5,-2.7,91,3,100.14,16.1,-1.3
-1.3,-1.8,97,6,100.06,16.1,-0.6
-0.6,-0.6,100,9,99.93,16.1,0.1
0.1,-0.9,93,10,99.91,24.1,0.4
0.4,-1.7,86,10,99.8,24.1,1.3
1.3,-5.0,63,17,99.73,24.1,0.3
0.3,-4.4,71,22,99.7,19.3,-0.4
-0.4,-0.4,100,16,99.5,3.2,-0.5
-0.5,-0.5,100,25,99.14,2.4,-0.5
-0.5,-0.5,100,26,98.94,2.4,-0.4
-0.4,-0.4,100,22,98.65,1.6,-0.4
-0.4,-0.4,100,24,98.43,0.6,-0.4
-0.4,-0.4,100,27,98.32,0.6,-0.1
-0.1,-0.1,100,25,98.18,0.8,-0.1
-0.1,-0.1,100,29,98.06,1.6,0.2
0.2,0.2,100,18,97.93,3.2,0.3
0.3,0.3,100,22,97.83,2.0,0.4
0.4,0.4,100,14,97.72,2.4,0.4
0.4,0.4,100,9,97.63,2.4,0.9
0.9,0.9,100,9,97.53,2.4,1.2
1.2,1.2,100,7,97.43,4.8,0.6
0.6,0.6,100,16,97.37,4.8,-2.5
-2.5,-2.5,100,37,97.4,2.4,-3.6
-3.6,-4.6,93,37,97.48,6.4,-3.5
-3.5,-4.8,91,28,97.6,9.7,-3.7
-3.7,-5.3,89,31,97.73,24.1,-3.5
-3.5,-5.0,89,26,97.82,16.1,-3.6
-3.6,-5.1,89,17,97.95,24.1,-2.5
-2.5,-5.6,79,28,98.07,24.1,-2.4
-2.4,-6.1,76,28,98.2,24.1,-2.4
-2.4,-5.7,78,25,98.32,24.1,-2.3
-2.3,-6.0,76,32,98.41,24.1,-1.8
-1.8,-5.5,76,24,98.42,24.1,-1.4
-1.4,-5.3,75,24,98.45,24.1,-1.0
-1.0,-5.6,71,22,98.55,24.1,-0.7
-0.7,-6.0,67,20,98.64,24.1,-0.6
-0.6,-6.0,67,24,98.73,24.1,-1.0
-1.0,-5.8,70,18,98.82,24.1,-1.6
-1.6,-5.2,77,19,98.88,24.1,-2.3
-2.3,-5.7,77,12,98.93,24.1,-2.0
-2.0,-5.3,78,17,99.0,24.1,-2.5
-2.5,-4.6,85,12,99.04,24.1,-2.5
-2.5,-3.5,93,16,99.06,16.1,-2.1
-2.1,-2.6,96,9,99.06,19.3,-2.2
-2.2,-2.4,98,13,99.05,16.1,-2.5
-2.5,-2.5,100,10,99.03,16.1,-2.5
-2.5,-2.8,98,8,99.07,24.1,-2.8
-2.8,-3.0,99,9,99.11,24.1,-2.8
-2.8,-3.0,98,10,99.11,24.1,-2.0
-2.0,-2.6,95,10,99.14,24.1,-1.5
-1.5,-2.0,96,10,99.17,24.1,-1.2
-1.2,-2.1,94,13,99.23,24.1,-1.4
-1.4,-2.7,91,12,99.32,16.1,-1.1
-1.1,-3.1,86,15,99.41,16.1,-1.1
-1.1,-3.2,85,14,99.46,16.1,-1.0
-1.0,-3.7,82,18,99.47,16.1,-1.4
-1.4,-5.0,77,22,99.42,16.1,-1.9
-1.9,-5.4,77,31,99.38,19.3,-1.5
-1.5,-5.0,77,21,99.32,16.1,-1.3
-1.3,-5.5,74,22,99.3,24.1,-1.4
-1.4,-6.7,68,28,99.28,24.1,-1.5
-1.5,-6.9,67,29,99.24,24.1,-1.7
-1.7,-6.7,69,22,99.18,24.1,-1.7
-1.7,-6.9,68,19,99.16,24.1,-1.7
-1.7,-5.5,75,27,99.12,3.6,-1.8
-1.8,-3.8,86,26,99.0,3.2,-1.3
-1.3,-2.9,89,25,98.89,4.0,-0.5
-0.5,-1.7,91,23,98.8,9.7,-0.2
-0.2,-0.6,96,23,98.75,16.1,0.4
0.4,0.3,99,23,98.73,24.1,1.6
1.6,0.5,93,20,98.74,24.1,2.1
2.1,0.2,87,28,98.82,24.1,1.5
1.5,0.9,96,24,98.99,24.1,1.2
1.2,-2.7,75,28,99.19,24.1,0.7
0.7,-4.4,69,30,99.34,24.1,0.2
0.2,-4.8,69,25,99.5,24.1,0.1
0.1,-4.3,72,23,99.68,24.1,-0.3
-0.3,-6.5,63,22,99.84,24.1,-0.3
-0.3,-6.2,64,22,99.98,24.1,-0.5
-0.5,-6.4,64,23,100.09,24.1,-0.6
-0.6,-6.1,66,21,100.12,24.1,-0.8
-0.8,-6.3,66,20,100.09,24.1,-0.5
-0.5,-6.4,65,19,100.11,24.1,-0.2
-0.2,-6.8,61,16,100.13,24.1,-0.4
-0.4,-7.2,60,18,100.21,24.1,-0.8
-0.8,-7.2,62,13,100.28,24.1,-1.3
-1.3,-6.9,66,13,100.36,24.1,-1.2
-1.2,-7.0,65,8,100.37,24.1,-1.2
-1.2,-6.9,65,4,100.33,24.1,-1.6
-1.6,-6.4,70,5,100.35,24.1,-1.6
-1.6,-6.2,71,5,100.36,16.1,-2.5
-2.5,-3.5,92,17,100.27,24.1,-2.7
-2.7,-2.7,100,11,100.2,4.8,-2.7
-2.7,-2.7,100,9,100.09,4.0,-2.4
-2.4,-2.4,100,11,100.0,9.7,-2.0
-2.0,-2.2,98,14,99.9,16.1,-2.0
-2.0,-2.0,100,11,99.85,16.1,-1.9
-1.9,-1.9,100,13,99.81,1.2,-1.5
-1.5,-1.5,100,7,99.63,1.6,-1.0
-1.0,-1.0,100,4,99.55,2.4,0.2
0.2,0.2,100,7,99.5,1.2,-0.2
-0.2,-0.2,100,3,99.48,1.2,-1.3
-1.3,-1.3,100,13,99.49,1.2,-2.7
-2.7,-2.7,100,19,99.5,2.4,-2.6
-2.6,-2.6,100,16,99.45,2.4,-2.1
-2.1,-3.2,92,24,99.45,9.7,-2.0
-2.0,-4.2,85,26,99.46,19.3,-2.0
-2.0,-4.1,86,31,99.57,24.1,-2.6
-2.6,-5.0,83,30,99.7,24.1,-3.2
-3.2,-5.3,86,29,99.85,24.1,-3.8
-3.8,-6.3,83,25,99.93,24.1,-4.8
-4.8,-7.5,81,20,100.06,24.1,-5.3
-5.3,-8.2,80,18,100.13,24.1,-5.4
-5.4,-8.2,81,15,100.25,24.1,-4.5
-4.5,-7.9,77,16,100.35,24.1,-5.3
-5.3,-8.8,76,21,100.35,24.1,-6.5
-6.5,-10.1,76,16,100.34,24.1,-7.2
-7.2,-11.1,74,13,100.35,24.1,-7.9
-7.9,-11.9,73,13,100.29,24.1,-9.2
-9.2,-11.9,81,4,100.36,24.1,-9.1
-9.1,-11.2,85,0,100.32,24.1,-8.0
-8.0,-9.8,87,0,100.34,24.1,-7.8
-7.8,-9.5,88,0,100.32,24.1,-6.9
-6.9,-9.1,85,5,100.23,24.1,-6.6
-6.6,-8.4,87,3,100.29,4.8,-5.8
-5.8,-7.2,89,5,100.27,19.3,-5.0
-5.0,-7.9,80,8,100.24,19.3,-4.4
-4.4,-7.0,82,7,100.21,24.1,-3.9
-3.9,-7.4,77,10,100.12,19.3,-3.3
-3.3,-7.1,75,9,99.98,24.1,-2.6
-2.6,-7.2,71,13,99.96,24.1,-2.5
-2.5,-6.5,74,16,99.93,24.1,-2.6
-2.6,-6.3,76,16,99.96,19.3,-2.8
-2.8,-6.4,76,18,100.01,19.3,-3.1
-3.1,-5.9,81,26,100.05,16.1,-4.1
-4.1,-8.3,72,21,100.06,24.1,-5.6
-5.6,-9.9,72,19,100.09,24.1,-6.5
-6.5,-10.6,73,18,100.09,24.1,-6.9
-6.9,-10.4,77,19,100.13,24.1,-7.0
-7.0,-11.0,73,22,100.16,24.1,-7.4
-7.4,-11.0,76,22,100.16,24.1,-7.5
-7.5,-11.2,75,20,100.18,24.1,-8.2
-8.2,-11.9,75,17,100.25,24.1,-7.9
-7.9,-11.9,73,19,100.33,24.1,-7.8
-7.8,-13.7,63,28,100.37,24.1,-9.2
-9.2,-14.9,64,17,100.42,24.1,-9.9
-9.9,-15.1,66,13,100.47,24.1,-10.2
-10.2,-14.9,68,20,100.52,24.1,-10.1
-10.1,-14.8,69,21,100.57,24.1,-8.9
-8.9,-14.1,66,19,100.61,24.1,-7.9
-7.9,-13.5,64,25,100.66,24.1,-7.2
-7.2,-13.6,61,20,100.66,24.1,-6.3
-6.3,-14.6,52,16,100.62,24.1,-6.1
-6.1,-15.8,47,11,100.54,24.1,-5.9
-5.9,-15.7,46,8,100.45,24.1,-6.7
-6.7,-16.7,45,8,100.4,24.1,-6.7
-6.7,-15.3,51,10,100.43,24.1,-7.6
-7.6,-15.6,53,16,100.4,24.1,-8.1
-8.1,-14.9,58,13,100.41,24.1,-8.4
-8.4,-15.4,57,10,100.38,24.1,-8.7
-8.7,-15.6,58,10,100.37,24.1,-9.1
-9.1,-15.3,61,10,100.39,24.1,-10.6
-10.6,-15.2,70,16,100.38,24.1,-10.7
-10.7,-14.9,72,13,100.4,24.1,-12.0
-12.0,-16.0,72,11,100.38,24.1,-13.9
-13.9,-18.1,71,12,100.32,24.1,-13.2
-13.2,-17.3,72,8,100.34,24.1,-13.5
-13.5,-17.3,73,8,100.33,24.1,-13.2
-13.2,-16.8,75,9,100.3,24.1,-13.0
-13.0,-16.7,74,16,100.31,24.1,-13.2
-13.2,-16.2,79,18,100.33,24.1,-11.2
-11.2,-15.0,74,16,100.33,24.1,-10.5
-10.5,-14.9,70,20,100.37,24.1,-10.3
-10.3,-14.5,72,18,100.39,19.3,-9.4
-9.4,-13.8,71,21,100.42,19.3,-7.8
-7.8,-13.1,66,20,100.43,24.1,-6.9
-6.9,-12.6,64,26,100.41,24.1,-6.0
-6.0,-11.8,64,34,100.32,24.1,-5.5
-5.5,-11.6,63,27,100.28,24.1,-5.2
-5.2,-11.4,62,36,100.28,24.1,-5.4
-5.4,-11.3,63,25,100.27,24.1,-5.6
-5.6,-11.6,63,18,100.23,24.1,-5.9
-5.9,-12.1,62,15,100.23,24.1,-6.2
-6.2,-12.3,62,21,100.25,24.1,-6.6
-6.6,-11.9,66,21,100.21,24.1,-6.3
-6.3,-11.4,67,18,100.18,24.1,-6.2
-6.2,-11.3,67,25,100.17,24.1,-6.2
-6.2,-11.0,69,23,100.12,24.1,-6.2
-6.2,-11.2,68,21,100.12,24.1,-6.3
-6.3,-11.4,68,18,100.03,24.1,-6.7
-6.7,-11.8,68,19,99.97,24.1,-6.9
-6.9,-12.1,67,22,99.95,24.1,-7.1
-7.1,-12.6,65,17,99.89,24.1,-6.8
-6.8,-13.0,61,18,99.8,24.1,-6.9
-6.9,-12.7,64,16,99.74,24.1,-6.9
-6.9,-12.4,65,19,99.7,24.1,-6.1
-6.1,-11.9,64,19,99.65,24.1,-5.0
-5.0,-11.3,62,15,99.56,24.1,-3.6
-3.6,-10.1,61,18,99.42,24.1,-2.0
-2.0,-8.8,59,28,99.3,24.1,-0.4
-0.4,-8.9,53,29,99.13,24.1,0.8
0.8,-9.5,46,24,98.93,24.1,1.2
1.2,-8.2,50,33,98.78,24.1,1.5
1.5,-7.8,50,39,98.68,24.1,0.4
0.4,-6.7,59,35,98.71,24.1,0.1
0.1,-6.9,59,34,98.72,24.1,-0.7
-0.7,-6.5,65,35,98.76,24.1,-2.7
-2.7,-7.0,73,54,98.92,19.3,-5.4
-5.4,-9.6,72,48,99.06,24.1,-7.5
-7.5,-13.2,64,54,99.2,24.1,-8.7
-8.7,-15.9,56,45,99.31,24.1,-9.2
-9.2,-16.7,55,34,99.41,24.1,-10.0
-10.0,-17.0,57,30,99.48,24.1,-10.7
-10.7,-17.6,57,27,99.54,24.1,-11.4
-11.4,-18.0,58,32,99.62,24.1,-12.4
-12.4,-19.9,55,35,99.73,24.1,-13.8
-13.8,-18.6,67,22,99.81,24.1,-15.1
-15.1,-19.2,71,15,99.93,24.1,-16.9
-16.9,-21.1,70,19,100.0,24.1,-18.2
-18.2,-22.5,70,21,100.13,24.1,-18.9
-18.9,-23.2,69,22,100.25,24.1,-18.7
-18.7,-23.9,64,16,100.35,24.1,-18.4
-18.4,-24.3,61,25,100.47,24.1,-19.4
-19.4,-25.2,60,24,100.54,24.1,-16.4
-16.4,-25.2,47,63,100.51,24.1,-16.5
-16.5,-25.1,48,57,100.54,24.1,-15.8
-15.8,-25.0,46,46,100.58,24.1,-15.5
-15.5,-24.1,48,53,100.62,24.1,-15.5
-15.5,-23.3,52,44,100.69,24.1,-15.8
-15.8,-23.5,53,41,100.8,24.1,-16.4
-16.4,-23.5,55,30,100.91,24.1,-16.7
-16.7,-23.3,57,30,100.99,24.1,-17.0
-17.0,-23.3,59,22,101.04,24.1,-19.7
-19.7,-24.0,69,17,101.15,24.1,-20.4
-20.4,-26.5,59,17,101.23,24.1,-21.5
-21.5,-28.1,56,9,101.31,24.1,-21.8
-21.8,-29.6,50,9,101.37,24.1,-21.6
-21.6,-30.1,47,4,101.37,24.1,-21.4
-21.4,-29.5,49,4,101.37,24.1,-21.2
-21.2,-28.4,53,4,101.35,24.1,-20.7
-20.7,-29.8,45,4,101.33,24.1,-20.2
-20.2,-26.7,57,4,101.22,24.1,-18.6
-18.6,-24.4,61,4,101.16,24.1,-19.1
-19.1,-25.2,59,9,101.14,24.1,-17.7
-17.7,-22.6,65,4,101.11,12.9,-16.9
-16.9,-20.8,72,4,101.04,2.4,-14.9
-14.9,-18.6,74,0,100.93,4.0,-12.6
-12.6,-15.3,80,9,100.77,2.4,-9.2
-9.2,-11.4,84,26,100.58,2.0,-8.0
-8.0,-12.5,70,26,100.34,24.1,-6.2
-6.2,-13.2,57,35,100.19,24.1,-6.3
-6.3,-12.6,61,24,100.06,24.1,-5.3
-5.3,-12.6,57,21,99.97,24.1,-4.8
-4.8,-12.3,56,22,99.88,24.1,-4.9
-4.9,-12.4,56,13,99.84,24.1,-4.7
-4.7,-12.0,57,12,99.78,24.1,-4.5
-4.5,-11.6,58,14,99.7,24.1,-3.4
-3.4,-10.8,57,17,99.6,24.1,-2.6
-2.6,-10.0,57,12,99.58,24.1,-3.5
-3.5,-10.0,61,8,99.5,24.1,-2.6
-2.6,-9.1,61,7,99.46,24.1,-2.5
-2.5,-8.8,62,6,99.36,24.1,-1.9
-1.9,-7.8,64,10,99.31,24.1,-0.7
-0.7,-6.1,67,21,99.28,24.1,-0.8
-0.8,-5.4,71,13,99.21,24.1,0.0
0.0,-4.6,71,17,99.18,24.1,0.1
0.1,-4.5,72,12,99.14,24.1,0.2
0.2,-4.5,70,11,99.09,24.1,0.9
0.9,-4.4,68,10,99.09,24.1,2.1
2.1,-3.8,65,16,99.05,24.1,3.3
3.3,-3.2,62,18,99.02,24.1,4.1
4.1,-3.1,60,23,99.01,24.1,3.9
3.9,-2.6,62,13,98.94,24.1,3.9
3.9,-2.4,63,22,98.88,24.1,3.9
3.9,-2.2,65,22,98.85,24.1,3.7
3.7,-2.0,66,18,98.84,24.1,3.2
3.2,-1.7,70,17,98.88,24.1,2.7
2.7,-1.2,76,13,98.94,24.1,2.9
2.9,-1.1,75,14,98.99,24.1,2.6
2.6,-0.5,80,13,99.03,24.1,2.6
2.6,-0.4,80,13,99.07,24.1,2.8
2.8,-0.4,79,13,99.08,24.1,2.6
2.6,-0.1,82,13,99.14,24.1,2.1
2.1,0.4,88,10,99.19,24.1,2.3
2.3,0.3,87,11,99.27,24.1,2.2
2.2,0.6,90,22,99.35,24.1,1.1
1.1,-1.8,81,25,99.48,24.1,0.9
0.9,-2.7,77,14,99.52,24.1,0.2
0.2,-1.2,90,17,99.63,24.1,0.5
0.5,-1.4,87,21,99.73,24.1,-0.6
-0.6,-2.2,89,22,99.89,24.1,-1.2
-1.2,-4.0,81,25,100.06,24.1,-2.5
-2.5,-6.1,76,37,100.21,24.1,-3.2
-3.2,-7.7,71,22,100.33,24.1,-3.5
-3.5,-7.3,75,24,100.42,24.1,-3.4
-3.4,-7.6,72,23,100.47,24.1,-3.2
-3.2,-7.3,73,16,100.45,24.1,-3.2
-3.2,-8.0,69,16,100.44,24.1,-2.9
-2.9,-7.9,69,13,100.38,24.1,-2.4
-2.4,-7.7,67,10,100.41,24.1,-1.7
-1.7,-7.8,63,5,100.41,24.1,-2.1
-2.1,-7.8,65,7,100.48,24.1,-2.1
-2.1,-8.1,64,6,100.46,24.1,-2.3
-2.3,-8.0,65,6,100.46,24.1,-2.4
-2.4,-7.0,71,7,100.4,24.1,-2.4
-2.4,-6.1,76,7,100.35,24.1,-1.2
-1.2,-4.8,76,8,100.34,24.1,-0.8
-0.8,-4.4,77,14,100.32,24.1,-0.9
-0.9,-4.3,78,21,100.3,24.1,-0.8
-0.8,-4.0,79,17,100.3,24.1,-0.9
-0.9,-3.7,81,20,100.21,24.1,-0.6
-0.6,-4.1,77,22,100.11,24.1,-0.5
-0.5,-3.4,81,13,100.07,24.1,-0.6
-0.6,-3.1,84,12,99.99,24.1,-0.9
-0.9,-2.8,87,16,99.77,24.1,-0.9
-0.9,-2.2,91,16,99.66,24.1,-0.7
-0.7,-1.7,93,18,99.56,24.1,0.1
0.1,-1.6,88,23,99.34,24.1,0.3
0.3,-1.7,87,17,99.22,24.1,0.7
0.7,-1.2,87,15,99.1,24.1,2.0
2.0,-1.3,79,16,98.94,24.1,6.0
6.0,-0.7,62,32,98.89,24.1,7.1
7.1,0.6,63,42,98.85,24.1,6.4
6.4,1.1,69,28,98.86,24.1,6.4
6.4,1.9,73,26,98.92,24.1,6.0
6.0,2.1,76,29,99.01,24.1,5.2
5.2,2.1,80,22,99.25,24.1,4.5
4.5,2.7,88,32,99.36,24.1,3.8
3.8,2.8,93,23,99.47,24.1,3.5
3.5,2.7,94,25,99.52,24.1,3.1
3.1,2.7,97,16,99.59,24.1,2.8
2.8,2.4,97,20,99.62,24.1,2.6
2.6,2.0,95,13,99.69,24.1,2.3
2.3,1.5,94,14,99.73,24.1,2.2
2.2,0.8,90,17,99.8,24.1,2.2
2.2,0.4,88,13,99.85,24.1,2.2
2.2,-0.2,84,13,99.91,24.1,2.1
2.1,-0.6,82,14,99.97,24.1,1.8
1.8,-0.8,83,14,100.06,24.1,1.8
1.8,-0.8,83,14,100.15,24.1,1.7
1.7,-0.8,83,13,100.19,24.1,2.6
2.6,-1.6,74,18,100.27,24.1,3.0
3.0,-1.0,75,21,100.31,24.1,3.8
3.8,-1.4,69,18,100.4,24.1,5.1
5.1,-0.8,66,21,100.35,24.1,5.5
5.5,-1.6,60,16,100.29,24.1,6.9
6.9,-1.8,54,18,100.25,24.1,7.1
7.1,-2.5,50,23,100.24,24.1,5.8
5.8,-2.1,57,23,100.3,24.1,3.9
3.9,-2.0,65,15,100.28,24.1,2.4
2.4,-1.9,73,14,100.35,24.1,3.2
3.2,-2.3,67,9,100.35,24.1,3.0
3.0,-2.0,70,10,100.34,24.1,2.2
2.2,-1.3,78,8,100.34,24.1,0.6
0.6,-1.2,88,6,100.32,24.1,1.0
1.0,-0.1,92,0,100.28,24.1,0.9
0.9,-0.5,91,5,100.18,24.1,0.9
0.9,-0.6,90,8,100.06,24.1,0.6
0.6,-0.4,93,6,100.05,24.1,0.7
0.7,0.6,100,7,99.95,9.7,0.8
0.8,0.8,100,6,99.88,9.7,1.5
1.5,1.5,100,4,99.83,9.7,1.9
1.9,0.9,94,8,99.71,12.9,2.0
2.0,1.7,98,10,99.61,9.7,2.2
2.2,2.2,100,12,99.5,6.4,2.1
2.1,2.1,100,16,99.35,4.8,2.1
2.1,2.1,100,17,99.17,4.8,2.3
2.3,2.3,100,8,99.06,4.0,2.7
2.7,2.7,100,13,98.85,4.0,2.9
2.9,2.9,100,11,98.62,4.8,3.2
3.2,3.2,100,11,98.41,6.4,3.9
3.9,3.9,100,17,98.27,4.8,4.0
4.0,4.0,100,16,98.17,2.4,3.8
3.8,3.8,100,9,98.19,3.2,3.5
3.5,3.5,100,11,98.15,9.7,3.6
3.6,3.6,100,13,98.04,4.8,3.8
3.8,3.8,100,13,98.03,3.2,3.6
3.6,3.6,100,14,98.09,0.6,3.9
3.9,3.9,100,16,98.09,4.8,5.8
5.8,5.8,100,23,98.15,19.3,6.1
6.1,4.5,89,39,98.18,24.1,4.8
4.8,3.4,91,23,98.3,24.1,4.7
4.7,2.5,86,31,98.37,24.1,4.2
4.2,3.3,94,26,98.45,19.3,3.2
3.2,0.8,84,36,98.53,24.1,2.2
2.2,1.7,96,31,98.63,24.1,2.6
2.6,0.6,86,34,98.75,24.1,2.7
2.7,-0.4,80,39,98.87,24.1,2.7
2.7,-0.3,81,30,99.01,24.1,3.0
3.0,0.2,82,33,99.18,24.1,3.1
3.1,0.4,82,24,99.28,24.1,3.4
3.4,0.6,82,23,99.36,24.1,2.5
2.5,-0.2,82,32,99.42,24.1,2.0
2.0,0.4,89,34,99.44,19.3,2.5
2.5,-1.6,74,28,99.44,24.1,2.2
2.2,-2.7,70,31,99.45,24.1,1.6
1.6,-5.4,60,45,99.51,24.1,1.0
1.0,-7.1,55,38,99.59,24.1,0.6
0.6,-5.4,64,22,99.67,24.1,0.1
0.1,-6.1,63,41,99.75,24.1,-0.7
-0.7,-5.6,70,32,99.81,24.1,-0.9
-0.9,-5.6,71,27,99.88,24.1,-1.2
-1.2,-6.2,69,36,99.92,24.1,-1.3
-1.3,-5.7,72,31,99.99,24.1,-1.9
-1.9,-7.2,67,30,100.11,24.1,-3.0
-3.0,-7.8,70,35,100.2,24.1,-3.4
-3.4,-8.2,69,27,100.28,24.1,-3.7
-3.7,-8.4,70,33,100.38,24.1,-4.1
-4.1,-9.1,68,34,100.42,24.1,-4.4
-4.4,-9.3,69,23,100.49,24.1,-4.4
-4.4,-9.2,69,22,100.55,24.1,-4.3
-4.3,-9.0,70,13,100.63,24.1,-3.7
-3.7,-8.4,70,8,100.68,24.1,-2.6
-2.6,-7.6,69,4,100.71,24.1,-0.9
-0.9,-6.2,68,14,100.7,24.1,-0.5
-0.5,-6.1,66,20,100.66,24.1,0.0
0.0,-6.7,61,14,100.6,24.1,1.6
1.6,-6.0,57,20,100.49,24.1,1.7
1.7,-6.1,56,20,100.37,24.1,1.9
1.9,-6.1,55,18,100.3,24.1,2.0
2.0,-6.7,53,25,100.24,24.1,1.9
1.9,-6.5,54,19,100.16,24.1,0.9
0.9,-6.0,60,15,100.1,24.1,-0.1
-0.1,-5.9,65,17,100.1,24.1,-0.7
-0.7,-6.5,65,9,100.04,24.1,-0.2
-0.2,-8.2,55,9,99.96,24.1,0.4
0.4,-7.2,57,17,99.94,24.1,-0.3
-0.3,-7.3,59,12,99.9,24.1,-0.4
-0.4,-7.1,61,10,99.87,24.1,0.3
0.3,-6.5,60,8,99.84,24.1,0.1
0.1,-6.3,62,11,99.82,24.1,-0.2
-0.2,-5.7,67,23,99.78,24.1,-0.8
-0.8,-5.9,68,10,99.77,24.1,-2.0
-2.0,-6.2,73,12,99.73,24.1,-0.8
-0.8,-5.5,71,5,99.75,24.1,-1.8
-1.8,-6.0,73,7,99.76,24.1,-1.5
-1.5,-4.7,79,7,99.79,24.1,0.3
0.3,-4.3,71,6,99.76,24.1,1.9
1.9,-4.7,62,7,99.68,24.1,3.6
3.6,-4.1,57,7,99.64,24.1,5.3
5.3,-4.3,50,4,99.52,24.1,6.0
6.0,-4.7,47,5,99.4,24.1,5.8
5.8,-3.7,50,11,99.28,24.1,6.2
6.2,-4.0,48,13,99.2,24.1,5.8
5.8,-3.3,52,17,99.17,24.1,5.3
5.3,-3.0,55,13,99.12,24.1,3.1
3.1,-3.0,65,8,99.1,24.1,1.8
1.8,-1.4,79,9,99.02,24.1,1.3
1.3,0.8,96,5,99.04,24.1,1.1
1.1,1.1,100,5,99.0,24.1,0.9
0.9,0.4,97,3,98.95,24.1,0.5
0.5,0.5,100,0,98.88,24.1,-0.6
-0.6,-0.6,100,4,98.81,9.7,-1.1
-1.1,-1.1,100,5,98.79,9.7,-1.7
-1.7,-1.7,100,4,98.7,4.8,-1.8
-1.8,-1.8,100,4,98.62,0.2,0.0
0.0,0.0,100,4,98.55,0.2,-0.9
-0.9,-0.9,100,5,98.48,1.2,-2.3
-2.3,-2.3,100,8,98.41,4.8,-1.9
-1.9,-2.2,98,0,98.33,6.4,-1.2
-1.2,-3.1,87,5,98.32,19.3,-0.7
-0.7,-2.0,91,8,98.2,16.1,1.3
1.3,-1.3,83,10,98.16,19.3,4.9
4.9,-2.0,61,19,98.09,24.1,6.8
6.8,-2.0,53,20,97.99,24.1,8.6
8.6,-2.2,47,24,97.88,24.1,8.9
8.9,-2.2,46,28,97.87,24.1,7.3
7.3,-1.3,54,36,97.96,24.1,6.2
6.2,-1.6,57,37,98.11,24.1,4.5
4.5,-1.2,66,39,98.24,24.1,3.2
3.2,-1.1,74,27,98.38,24.1,2.9
2.9,-1.3,74,27,98.57,24.1,2.8
2.8,-1.3,75,20,98.63,24.1,2.4
2.4,-1.1,78,19,98.73,24.1,2.3
2.3,-1.4,77,26,98.8,24.1,1.4
1.4,-1.9,78,16,98.91,24.1,0.4
0.4,-1.7,86,9,99.0,24.1,-1.5
-1.5,-1.8,98,11,99.08,24.1,-0.5
-0.5,-0.6,100,7,99.14,24.1,-1.5
-1.5,-1.5,100,14,99.22,24.1,-1.6
-1.6,-1.6,100,9,99.27,24.1,-1.7
-1.7,-1.7,100,10,99.32,24.1,-2.2
-2.2,-2.2,100,13,99.33,24.1,-2.1
-2.1,-2.5,97,9,99.38,24.1,-0.7
-0.7,-1.8,92,9,99.46,24.1,2.0
2.0,-0.4,84,9,99.54,24.1,4.0
4.0,-1.0,70,10,99.58,24.1,6.5
6.5,-1.8,55,19,99.59,24.1,7.2
7.2,0.1,61,13,99.57,24.1,8.3
8.3,0.0,56,12,99.55,24.1,8.7
8.7,0.2,55,16,99.5,24.1,8.9
8.9,-0.5,52,16,99.5,24.1,8.5
8.5,-1.5,49,20,99.52,24.1,7.0
7.0,-1.0,56,15,99.56,24.1,5.6
5.6,-1.3,61,10,99.54,24.1,5.2
5.2,-2.1,59,10,99.47,24.1,4.4
4.4,-1.6,65,7,99.4,24.1,3.8
3.8,-1.0,71,8,99.36,24.1,3.8
3.8,-0.5,73,5,99.26,24.1,4.3
4.3,-1.0,68,7,99.14,24.1,4.8
4.8,-1.4,64,9,99.03,24.1,4.8
4.8,-1.2,65,7,98.94,24.1,4.8
4.8,-0.6,68,0,98.83,24.1,4.6
4.6,-0.4,70,5,98.7,24.1,4.2
4.2,0.4,76,4,98.67,24.1,7.0
7.0,-2.0,53,14,98.46,24.1,6.6
6.6,-0.2,62,16,98.41,24.1,6.2
6.2,1.4,71,13,98.31,24.1,7.0
7.0,1.8,69,11,98.29,24.1,10.8
10.8,3.1,59,18,98.19,24.1,12.5
12.5,4.5,58,22,98.1,24.1,11.6
11.6,6.3,70,14,98.08,24.1,13.2
13.2,7.0,66,37,98.07,24.1,13.6
13.6,6.9,64,51,98.03,24.1,13.8
13.8,5.8,58,51,98.06,24.1,14.9
14.9,6.4,56,37,98.11,24.1,14.4
14.4,6.1,57,38,98.19,24.1,13.6
13.6,4.6,54,45,98.25,24.1,11.0
11.0,3.5,60,54,98.42,24.1,8.2
8.2,2.4,67,46,98.6,24.1,7.4
7.4,1.8,67,43,98.74,24.1,7.3
7.3,1.4,66,30,98.9,24.1,6.7
6.7,1.6,70,26,99.08,24.1,5.9
5.9,1.1,71,45,99.18,24.1,5.4
5.4,0.6,71,13,99.26,24.1,5.5
5.5,0.0,67,25,99.33,24.1,4.9
4.9,0.3,72,21,99.41,24.1,4.9
4.9,0.1,71,21,99.49,24.1,4.6
4.6,-0.1,72,25,99.51,24.1,3.8
3.8,0.0,76,19,99.55,24.1,3.0
3.0,-1.6,72,18,99.56,24.1,2.4
2.4,-2.2,71,18,99.65,24.1,2.0
2.0,-2.7,71,14,99.65,24.1,2.0
2.0,-2.6,72,13,99.67,24.1,2.1
2.1,-2.4,72,13,99.71,24.1,1.5
1.5,-2.5,74,13,99.78,24.1,1.3
1.3,-2.8,74,13,99.67,24.1,1.5
1.5,-3.1,72,17,99.5,24.1,1.4
1.4,-2.7,75,12,99.41,24.1,1.5
1.5,-2.7,74,21,99.31,24.1,0.4
0.4,-2.6,80,22,99.26,24.1,0.0
0.0,-3.0,80,20,99.16,24.1,-0.6
-0.6,-1.5,94,14,99.15,6.4,-0.9
-0.9,-0.9,100,18,99.13,4.0,-1.0
-1.0,-1.0,100,17,98.98,4.0,-0.7
-0.7,-0.7,100,11,98.73,4.8,-0.5
-0.5,-0.5,100,16,98.66,3.6,-0.3
-0.3,-0.3,100,15,98.5,4.0,0.0
0.0,0.0,100,19,98.46,4.8,0.2
0.2,0.2,100,12,98.29,4.8,-0.2
-0.2,-0.2,100,23,98.25,4.8,-0.6
-0.6,-0.6,100,24,98.24,4.8,-1.8
-1.8,-1.8,100,30,98.3,3.2,-3.2
-3.2,-3.4,99,28,98.48,4.8,-3.8
-3.8,-5.0,91,37,98.63,4.8,-5.4
-5.4,-7.2,87,33,98.82,9.7,-6.0
-6.0,-8.5,83,39,98.94,24.1,-6.6
-6.6,-9.6,79,37,99.05,24.1,-7.0
-7.0,-10.3,77,37,99.19,24.1,-6.5
-6.5,-9.2,81,41,99.25,24.1,-5.7
-5.7,-8.4,81,32,99.36,24.1,-5.1
-5.1,-8.4,78,31,99.4,24.1,-5.1
-5.1,-8.6,77,24,99.46,24.1,-5.0
-5.0,-8.2,78,24,99.56,16.1,-5.2
-5.2,-9.8,70,27,99.66,24.1,-5.8
-5.8,-10.5,69,28,99.8,24.1,-6.9
-6.9,-11.9,68,36,99.91,24.1,-7.5
-7.5,-12.8,66,30,100.02,24.1,-8.1
-8.1,-13.2,67,26,100.09,24.1,-8.9
-8.9,-13.7,69,26,100.14,24.1,-9.3
-9.3,-13.3,73,19,100.22,24.1,-9.3
-9.3,-12.8,76,14,100.22,24.1,-8.9
-8.9,-12.1,78,9,100.23,24.1,-7.5
-7.5,-10.9,76,14,100.27,24.1,-7.4
-7.4,-10.8,77,12,100.26,24.1,-7.6
-7.6,-11.2,75,19,100.24,24.1,-7.9
-7.9,-11.4,76,18,100.19,24.1,-7.6
-7.6,-10.8,78,15,100.15,24.1,-6.8
-6.8,-9.7,80,19,100.12,24.1,-6.3
-6.3,-9.2,80,20,100.08,24.1,-5.2
-5.2,-8.4,78,26,100.1,24.1,-3.3
-3.3,-7.2,74,26,100.1,24.1,-1.3
-1.3,-5.2,75,25,100.11,24.1,0.2
0.2,-4.5,71,27,100.09,24.1,0.2
0.2,-4.0,73,31,100.06,24.1,0.6
0.6,-2.9,77,20,100.01,24.1,0.6
0.6,-3.2,76,31,100.0,24.1,0.9
0.9,-2.7,77,26,100.0,24.1,1.5
1.5,-2.2,76,22,100.03,24.1,1.4
1.4,-2.1,78,19,100.1,24.1,0.2
0.2,-1.7,87,11,100.16,24.1,0.1
0.1,-1.4,90,7,100.22,24.1,0.8
0.8,-1.2,87,11,100.24,24.1,0.2
0.2,-1.9,85,10,100.27,24.1,0.5
0.5,-2.3,81,7,100.23,24.1,0.7
0.7,-2.6,78,4,100.2,24.1,0.0
0.0,-2.3,84,3,100.15,24.1,-0.1
-0.1,-2.4,85,7,100.15,24.1,0.1
0.1,-2.3,84,8,100.14,24.1,0.4
0.4,-2.4,81,9,100.05,24.1,0.4
0.4,-2.8,79,9,100.0,24.1,0.4
0.4,-3.2,77,10,99.91,24.1,0.6
0.6,-3.2,76,12,99.86,24.1,0.9
0.9,-3.1,75,13,99.72,24.1,1.6
1.6,-3.4,69,14,99.69,24.1,2.4
2.4,-3.1,67,14,99.53,24.1,3.3
3.3,-3.2,62,20,99.37,24.1,4.8
4.8,-3.7,54,22,99.29,24.1,7.0
7.0,-4.1,45,14,99.1,24.1,8.8
8.8,-4.2,40,23,98.89,24.1,9.2
9.2,-4.1,39,27,98.74,24.1,9.0
9.0,-3.5,41,34,98.71,24.1,8.2
8.2,-3.2,45,28,98.68,24.1,7.7
7.7,-3.0,47,34,98.67,24.1,7.4
7.4,-2.7,49,23,98.68,24.1,6.6
6.6,-2.7,51,19,98.71,24.1,6.8
6.8,-3.1,49,15,98.68,24.1,6.3
6.3,-3.0,51,13,98.68,24.1,6.5
6.5,-2.5,53,19,98.64,24.1,6.3
6.3,-2.3,54,11,98.56,24.1,5.8
5.8,-1.9,57,14,98.52,24.1,3.7
3.7,-1.8,67,8,98.46,24.1,4.8
4.8,-1.6,63,9,98.41,24.1,4.6
4.6,-1.4,65,0,98.37,24.1,4.1
4.1,-1.2,68,0,98.35,24.1,3.3
3.3,-1.4,72,7,98.37,24.1,3.0
3.0,-0.7,77,11,98.42,24.1,3.2
3.2,-0.8,75,20,98.49,24.1,2.6
2.6,-0.8,78,17,98.55,24.1,3.5
3.5,-2.7,64,27,98.63,24.1,4.0
4.0,-3.8,57,22,98.67,24.1,3.6
3.6,-6.6,47,30,98.72,24.1,4.0
4.0,-5.6,50,30,98.73,24.1,4.6
4.6,-6.1,46,22,98.72,24.1,4.4
4.4,-5.9,47,21,98.66,24.1,4.0
4.0,-6.6,46,18,98.64,24.1,3.3
3.3,-7.2,46,19,98.66,24.1,3.0
3.0,-7.0,48,16,98.65,24.1,1.6
1.6,-6.7,54,17,98.66,24.1,0.4
0.4,-5.6,64,17,98.69,24.1,-0.7
-0.7,-5.4,71,17,98.66,24.1,-1.3
-1.3,-5.6,73,23,98.54,24.1,-1.9
-1.9,-5.3,78,9,98.55,24.1,-2.4
-2.4,-5.2,81,8,98.51,24.1,-2.3
-2.3,-6.1,75,5,98.44,24.1,-2.4
-2.4,-6.5,73,4,98.39,24.1,-2.4
-2.4,-6.3,75,4,98.35,24.1,-3.0
-3.0,-5.3,84,9,98.19,24.1,-1.9
-1.9,-3.7,88,10,98.02,24.1,-0.1
-0.1,-3.1,80,16,97.94,24.1,0.2
0.2,-3.5,76,17,97.79,24.1,0.6
0.6,-2.6,79,14,97.75,24.1,1.0
1.0,-1.9,81,17,97.65,24.1,1.5
1.5,-2.1,77,14,97.55,9.7,1.8
1.8,-1.4,79,12,97.54,19.3,4.8
4.8,-0.6,68,32,97.55,24.1,5.3
5.3,-4.6,49,50,97.6,24.1,3.4
3.4,-6.5,48,55,97.78,24.1,3.5
3.5,-6.4,48,40,97.93,24.1,2.6
2.6,-6.4,52,46,98.09,24.1,1.9
1.9,-5.8,57,35,98.28,24.1,1.3
1.3,-5.9,59,26,98.44,24.1,1.1
1.1,-7.4,54,29,98.59,24.1,0.9
0.9,-6.0,60,24,98.74,24.1,0.1
0.1,-5.6,66,28,98.95,24.1,-0.2
-0.2,-7.9,56,32,99.05,24.1,-0.6
-0.6,-7.2,61,22,99.19,24.1,-0.7
-0.7,-6.9,63,20,99.24,24.1,-1.9
-1.9,-7.1,67,16,99.32,24.1,-2.2
-2.2,-6.2,74,11,99.41,24.1,-1.7
-1.7,-6.2,72,9,99.48,24.1,-1.4
-1.4,-7.2,65,14,99.54,24.1,-1.6
-1.6,-8.6,59,12,99.52,24.1,-2.7
-2.7,-7.1,72,13,99.6,24.1,-2.3
-2.3,-7.7,67,10,99.67,24.1,-2.4
-2.4,-7.2,70,16,99.59,24.1,-3.0
-3.0,-7.2,72,16,99.72,24.1,-2.8
-2.8,-8.5,65,13,99.84,19.3,-3.5
-3.5,-5.9,83,15,99.85,3.6,-3.3
-3.3,-4.9,89,19,99.87,8.1,-2.9
-2.9,-4.4,89,16,99.82,24.1,-3.0
-3.0,-4.5,89,21,99.77,6.4,-3.0
-3.0,-3.7,95,19,99.66,2.8,-3.4
-3.4,-5.8,83,25,99.61,9.7,-3.9
-3.9,-4.9,93,20,99.55,2.4,-4.5
-4.5,-4.5,100,18,99.53,1.6,-5.0
-5.0,-5.2,99,19,99.36,1.6,-5.2
-5.2,-5.6,97,19,99.34,1.6,-5.7
-5.7,-5.7,100,16,99.29,1.2,-6.2
-6.2,-6.2,100,23,99.13,1.0,-6.1
-6.1,-7.2,92,23,99.13,4.8,-6.8
-6.8,-6.8,100,26,99.1,1.0,-7.4
-7.4,-7.9,96,26,98.9,3.2,-7.8
-7.8,-8.9,92,23,99.0,9.7,-7.5
-7.5,-8.0,96,18,98.94,8.1,-7.8
-7.8,-8.0,98,20,98.99,9.7,-7.8
-7.8,-9.1,91,23,99.02,19.3,-8.0
-8.0,-10.5,83,23,99.1,24.1,-7.9
-7.9,-10.8,80,19,99.19,24.1,-7.8
-7.8,-11.1,77,14,99.21,24.1,-7.5
-7.5,-10.7,78,12,99.27,19.3,-7.3
-7.3,-8.6,91,14,99.34,4.8,-7.1
-7.1,-7.7,95,11,99.31,4.8,-6.2
-6.2,-6.3,99,17,99.29,4.8,-6.2
-6.2,-7.2,93,16,99.32,4.8,-6.4
-6.4,-7.9,89,14,99.25,9.7,-6.2
-6.2,-7.1,93,12,99.14,8.1,-5.9
-5.9,-5.9,100,12,99.0,4.0,-4.6
-4.6,-4.6,100,14,99.03,4.0,-4.3
-4.3,-4.3,100,7,99.06,4.0,-4.1
-4.1,-4.1,100,7,99.04,4.0,-3.5
-3.5,-3.5,100,8,99.1,4.8,-2.8
-2.8,-2.8,100,8,99.13,9.7,-1.9
-1.9,-1.9,100,8,99.17,9.7,-1.0
-1.0,-1.0,100,7,99.25,16.1,-2.5
-2.5,-2.5,100,15,99.39,16.1,-3.8
-3.8,-4.4,95,9,99.5,19.3,-4.6
-4.6,-5.0,97,13,99.67,24.1,-3.4
-3.4,-4.8,90,15,99.82,24.1,-3.1
-3.1,-6.7,77,27,99.96,24.1,-5.4
-5.4,-10.2,69,35,100.18,24.1,-6.9
-6.9,-12.7,64,39,100.36,24.1,-8.8
-8.8,-14.6,63,36,100.54,24.1,-9.8
-9.8,-15.5,64,30,100.72,24.1,-10.2
-10.2,-15.9,63,38,100.86,24.1,-10.0
-10.0,-15.4,65,29,100.98,24.1,-9.6
-9.6,-15.8,61,25,101.09,24.1,-9.0
-9.0,-14.8,63,13,101.21,24.1,-8.5
-8.5,-13.9,65,14,101.25,24.1,-7.5
-7.5,-14.7,57,28,101.29,24.1,-7.2
-7.2,-14.6,56,27,101.32,24.1,-6.8
-6.8,-14.4,55,26,101.34,24.1,-7.4
-7.4,-15.1,54,27,101.37,24.1,-8.0
-8.0,-15.4,56,28,101.43,24.1,-8.8
-8.8,-15.5,59,29,101.51,24.1,-8.4
-8.4,-14.8,61,26,101.56,24.1,-8.5
-8.5,-14.8,61,17,101.56,24.1,-8.3
-8.3,-14.7,60,22,101.59,24.1,-8.3
-8.3,-14.5,61,19,101.57,24.1,-8.4
-8.4,-13.9,65,17,101.54,24.1,-8.6
-8.6,-14.9,61,8,101.49,24.1,-8.6
-8.6,-14.3,63,6,101.38,24.1,-8.6
-8.6,-13.8,66,3,101.28,24.1,-8.8
-8.8,-13.9,67,0,101.19,24.1,-9.0
-9.0,-14.0,67,6,101.03,24.1,-8.9
-8.9,-14.0,67,0,101.04,24.1,-8.7
-8.7,-14.4,64,0,100.97,24.1,-8.9
-8.9,-11.3,83,5,100.86,4.8,-8.9
-8.9,-9.9,92,10,100.78,3.2,-8.2
-8.2,-9.0,94,12,100.55,2.4,-6.5
-6.5,-8.6,85,13,100.47,3.2,-5.7
-5.7,-8.9,78,9,100.4,3.2,-5.7
-5.7,-8.2,82,5,100.33,8.1,-5.7
-5.7,-8.5,81,5,100.15,9.7,-4.9
-4.9,-9.3,71,3,100.11,24.1,-3.6
-3.6,-8.3,70,11,100.04,24.1,-4.1
-4.1,-7.8,76,13,100.01,24.1,-4.3
-4.3,-7.5,78,12,99.98,24.1,-4.2
-4.2,-7.2,80,12,99.97,19.3,-4.0
-4.0,-6.3,84,10,99.95,24.1,-3.6
-3.6,-5.2,89,11,99.89,24.1,-3.4
-3.4,-4.5,92,8,99.79,24.1,-3.0
-3.0,-5.8,81,11,99.7,24.1,-3.1
-3.1,-6.6,77,11,99.57,24.1,-2.9
-2.9,-5.1,85,11,99.41,24.1,-2.4
-2.4,-4.5,85,11,99.34,24.1,-2.0
-2.0,-4.0,86,14,99.21,24.1,-1.8
-1.8,-3.1,91,10,99.08,24.1,-1.3
-1.3,-2.4,92,14,98.96,24.1,-0.7
-0.7,-2.6,87,13,98.93,24.1,0.3
0.3,-3.8,74,30,98.89,24.1,0.3
0.3,-3.9,73,21,98.87,24.1,0.0
0.0,-4.9,69,26,98.88,24.1,0.4
0.4,-5.1,67,32,98.93,24.1,0.6
0.6,-5.8,62,27,98.94,24.1,1.0
1.0,-6.1,59,33,98.93,24.1,1.4
1.4,-6.4,56,31,98.94,24.1,1.6
1.6,-6.8,54,31,98.92,24.1,2.2
2.2,-5.9,55,31,98.89,24.1,2.0
2.0,-6.7,52,30,98.94,24.1,1.1
1.1,-7.4,53,40,98.99,24.1,0.1
0.1,-8.0,55,38,99.07,24.1,-0.8
-0.8,-8.6,56,28,99.19,24.1,-1.4
-1.4,-8.8,57,22,99.26,24.1,-2.0
-2.0,-8.8,60,17,99.31,24.1,-2.3
-2.3,-8.9,61,16,99.34,24.1,-3.2
-3.2,-9.0,64,12,99.36,24.1,-3.7
-3.7,-8.8,68,10,99.42,24.1,-3.6
-3.6,-8.9,67,16,99.39,24.1,-4.4
-4.4,-8.9,71,13,99.47,24.1,-5.0
-5.0,-9.6,71,10,99.49,24.1,-6.1
-6.1,-9.8,75,5,99.52,24.1,-7.8
-7.8,-10.9,79,5,99.53,24.1,-6.1
-6.1,-11.1,68,10,99.42,24.1,-6.3
-6.3,-12.7,61,11,99.39,24.1,-6.4
-6.4,-11.6,67,13,99.39,24.1,-5.6
-5.6,-10.8,67,12,99.4,24.1,-4.1
-4.1,-9.6,66,18,99.37,24.1,-2.6
-2.6,-8.3,65,17,99.22,24.1,-1.9
-1.9,-7.9,64,24,99.15,24.1,-1.9
-1.9,-6.8,70,29,99.06,24.1,-1.3
-1.3,-6.3,69,26,98.83,24.1,-1.7
-1.7,-6.4,70,28,98.63,24.1,-1.8
-1.8,-6.4,71,25,98.47,24.1,-1.9
-1.9,-6.3,72,21,98.33,24.1,-2.9
-2.9,-2.9,100,28,98.23,0.8,-2.8
-2.8,-2.8,100,28,98.02,1.0,-2.4
-2.4,-2.4,100,36,97.83,1.2,-1.9
-1.9,-1.9,100,38,97.75,2.0,-1.4
-1.4,-1.4,100,28,97.66,4.0,-1.1
-1.1,-1.1,100,28,97.54,6.4,-1.0
-1.0,-1.0,100,33,97.48,6.4,-0.5
-0.5,-0.5,100,28,97.44,6.4,-0.1
-0.1,-0.1,100,19,97.38,6.4,-0.2
-0.2,-0.2,100,21,97.4,6.4,0.4
0.4,0.4,100,11,97.41,6.4,0.1
0.1,0.1,100,10,97.37,6.4,0.1
0.1,0.1,100,11,97.46,6.4,0.1
0.1,0.1,100,15,97.53,6.4,-0.3
-0.3,-0.3,100,19,97.65,9.7,-0.1
-0.1,-0.1,100,13,97.82,12.9,0.6
0.6,-2.0,82,37,98.01,16.1,0.8
0.8,-2.6,78,28,98.12,24.1,1.3
1.3,-3.9,68,41,98.32,24.1,1.2
1.2,-3.0,74,31,98.49,24.1,1.2
1.2,-2.6,76,27,98.59,24.1,0.9
0.9,-2.7,77,33,98.68,24.1,1.2
1.2,-3.1,73,33,98.8,24.1,1.5
1.5,-3.3,70,30,98.99,24.1,1.6
1.6,-4.1,66,35,99.14,24.1,1.5
1.5,-4.1,66,17,99.26,24.1,1.4
1.4,-4.9,63,28,99.38,24.1,-0.1
-0.1,-4.7,71,13,99.42,24.1,-0.4
-0.4,-4.7,73,10,99.47,24.1,-0.4
-0.4,-4.4,74,8,99.49,24.1,-0.7
-0.7,-3.6,81,8,99.54,24.1,-2.0
-2.0,-5.9,75,26,99.23,24.1,-2.3
-2.3,-6.6,72,33,99.3,24.1,-2.5
-2.5,-7.4,69,25,99.4,24.1,-2.1
-2.1,-7.5,67,36,99.48,24.1,-2.1
-2.1,-6.8,70,33,99.55,24.1,-2.2
-2.2,-6.2,74,35,99.69,16.1,-2.2
-2.2,-6.4,73,30,99.84,24.1,-2.2
-2.2,-6.3,74,30,100.01,24.1,-2.2
-2.2,-5.6,78,31,100.11,24.1,-1.1
-1.1,-5.1,75,32,100.22,24.1,0.2
0.2,-4.7,70,34,100.33,24.1,1.4
1.4,-4.4,65,35,100.44,24.1,0.9
0.9,-4.4,68,34,100.53,24.1,0.8
0.8,-4.7,67,32,100.6,24.1,0.9
0.9,-4.8,65,32,100.66,24.1,0.6
0.6,-4.9,67,31,100.71,24.1,0.4
0.4,-5.0,67,24,100.79,24.1,-0.1
-0.1,-5.4,68,26,100.83,24.1,-0.4
-0.4,-5.3,69,21,100.87,24.1,-0.5
-0.5,-5.8,68,20,100.91,24.1,-0.8
-0.8,-6.5,66,18,100.92,24.1,-2.1
-2.1,-6.1,74,16,100.9,24.1,-2.3
-2.3,-6.5,73,9,100.86,24.1,-2.8
-2.8,-7.0,73,3,100.88,24.1,-3.0
-3.0,-7.0,74,7,100.84,24.1,-3.1
-3.1,-7.4,73,7,100.82,24.1,-3.0
-3.0,-6.7,76,5,100.77,24.1,-3.1
-3.1,-6.6,77,0,100.79,24.1,-1.7
-1.7,-4.8,79,7,100.7,24.1,-0.8
-0.8,-3.8,80,8,100.65,24.1,0.2
0.2,-3.0,79,10,100.59,24.1,1.0
1.0,-2.8,76,10,100.61,19.3,1.4
1.4,-2.5,76,10,100.56,24.1,2.5
2.5,-2.2,71,13,100.47,24.1,3.3
3.3,-2.2,67,16,100.37,24.1,3.2
3.2,-2.1,68,19,100.27,24.1,3.7
3.7,-2.4,64,23,100.16,24.1,5.0
5.0,-1.9,61,12,100.04,24.1,5.6
5.6,-2.2,57,15,99.93,24.1,5.8
5.8,-2.0,57,15,99.81,24.1,5.7
5.7,-1.8,58,13,99.78,24.1,5.3
5.3,-0.7,65,12,99.7,24.1,5.1
5.1,1.5,77,11,99.63,24.1,5.6
5.6,0.2,68,11,99.5,24.1,6.3
6.3,0.5,66,14,99.38,24.1,6.2
6.2,1.4,71,9,99.32,24.1,6.5
6.5,1.2,69,7,99.23,24.1,6.2
6.2,3.0,80,8,99.18,8.1,7.1
7.1,4.2,81,20,99.09,19.3,7.3
7.3,3.8,78,16,98.91,24.1,7.7
7.7,3.5,75,13,98.83,24.1,8.0
8.0,4.2,77,11,98.71,24.1,10.0
10.0,4.5,68,19,98.62,24.1,9.4
9.4,9.4,100,24,98.57,9.7,9.3
9.3,9.3,100,21,98.52,8.1,8.8
8.8,8.8,100,15,98.5,4.8,9.2
9.2,9.2,100,16,98.47,9.7,9.7
9.7,9.7,100,14,98.37,12.9,9.8
9.8,9.8,100,16,98.28,8.1,6.6
6.6,4.4,86,41,98.61,24.1,5.4
5.4,0.3,69,59,98.88,24.1,5.1
5.1,-1.2,64,41,99.11,24.1,4.1
4.1,-2.5,62,36,99.39,24.1,2.6
2.6,-5.5,55,56,99.6,24.1,2.3
2.3,-5.2,58,39,99.78,24.1,2.1
2.1,-4.5,62,27,99.88,24.1,1.9
1.9,-6.6,54,31,100.02,24.1,1.6
1.6,-6.2,56,22,100.11,24.1,1.1
1.1,-6.5,57,22,100.17,24.1,0.8
0.8,-6.8,57,23,100.19,24.1,0.6
0.6,-6.9,57,19,100.22,24.1,0.4
0.4,-6.0,62,17,100.24,24.1,0.2
0.2,-5.8,64,25,100.27,24.1,-0.1
-0.1,-6.8,61,28,100.29,24.1,-0.6
-0.6,-8.7,54,23,100.28,24.1,-0.6
-0.6,-9.4,52,25,100.3,24.1,-2.8
-2.8,-8.4,65,14,100.25,24.1,-2.7
-2.7,-7.2,72,14,100.24,24.1,-3.5
-3.5,-7.4,74,14,100.22,24.1,-3.8
-3.8,-7.4,76,13,100.18,24.1,-3.5
-3.5,-7.2,76,13,100.14,24.1,-2.8
-2.8,-7.5,70,10,100.14,24.1,-1.9
-1.9,-7.3,66,17,100.11,24.1,-0.9
-0.9,-7.7,60,27,100.05,24.1,0.4
0.4,-7.1,57,23,99.9,24.1,1.1
1.1,-8.6,49,19,99.8,24.1,1.7
1.7,-8.8,46,23,99.72,24.1,1.7
1.7,-8.9,45,25,99.63,24.1,1.4
1.4,-9.2,46,22,99.65,24.1,0.2
0.2,-8.6,52,17,99.62,24.1,0.4
0.4,-7.2,57,17,99.59,24.1,-0.1
-0.1,-5.3,68,20,99.59,24.1,-0.6
-0.6,-6.3,65,21,99.6,24.1,-0.8
-0.8,-8.0,59,19,99.52,24.1,-0.5
-0.5,-8.7,54,24,99.44,24.1,-0.3
-0.3,-9.0,52,22,99.42,24.1,-0.4
-0.4,-9.1,52,22,99.43,24.1,-0.3
-0.3,-9.4,50,23,99.4,24.1,-0.3
-0.3,-9.3,51,18,99.4,24.1,-0.3
-0.3,-9.1,52,20,99.41,24.1,-0.3
-0.3,-9.1,52,21,99.42,24.1,-0.2
-0.2,-9.1,51,17,99.43,24.1,0.0
0.0,-9.1,51,15,99.45,24.1,0.0
0.0,-8.6,53,15,99.44,24.1,0.2
0.2,-8.0,54,19,99.49,24.1,1.2
1.2,-6.6,56,18,99.49,24.1,2.4
2.4,-5.0,58,22,99.48,24.1,4.4
4.4,-3.8,55,21,99.47,24.1,5.1
5.1,-3.2,55,20,99.46,24.1,5.2
5.2,-3.4,54,19,99.41,24.1,5.1
5.1,-4.1,51,15,99.41,24.1,5.0
5.0,-5.4,47,16,99.42,24.1,4.5
4.5,-3.9,54,10,99.44,24.1,4.5
4.5,-4.1,54,9,99.49,24.1,4.6
4.6,-4.9,50,8,99.51,24.1,4.7
4.7,-5.7,47,9,99.52,24.1,4.6
4.6,-2.8,59,9,99.49,24.1,4.7
4.7,-0.9,67,9,99.49,24.1,5.1
5.1,-0.2,68,6,99.51,24.1,5.2
5.2,-1.6,61,11,99.46,24.1,4.7
4.7,-0.8,67,7,99.53,24.1,4.9
4.9,-0.6,67,10,99.48,24.1,5.3
5.3,-0.6,65,8,99.51,24.1,5.5
5.5,-0.6,65,7,99.58,24.1,5.4
5.4,0.3,69,7,99.59,24.1,5.5
5.5,0.2,69,9,99.62,24.1,4.9
4.9,2.8,86,9,99.63,24.1,5.3
5.3,2.3,81,10,99.69,24.1,5.6
5.6,2.6,81,6,99.78,24.1,5.9
5.9,4.8,93,9,99.84,24.1,6.1
6.1,4.2,87,8,99.92,24.1,6.0
6.0,3.9,86,10,99.91,24.1,5.7
5.7,5.6,99,15,99.85,24.1,5.5
5.5,5.5,100,13,99.81,19.3,5.5
5.5,5.1,97,9,99.83,24.1,5.8
5.8,4.8,93,9,99.83,24.1,5.7
5.7,4.9,95,9,99.86,24.1,5.5
5.5,4.2,91,6,99.87,24.1,5.3
5.3,4.2,93,6,99.9,24.1,5.0
5.0,5.0,100,10,99.88,24.1,4.8
4.8,4.8,100,10,99.87,16.1,4.9
4.9,4.9,100,5,99.84,19.3,5.1
5.1,4.6,96,5,99.82,16.1,5.1
5.1,5.1,100,3,99.81,24.1,5.2
5.2,5.2,99,5,99.77,24.1,5.3
5.3,5.3,100,7,99.74,24.1,5.2
5.2,5.2,100,4,99.79,24.1,5.3
5.3,5.3,100,5,99.81,19.3,5.0
5.0,5.0,100,15,99.78,16.1,4.8
4.8,4.8,100,9,99.83,16.1,4.6
4.6,4.6,100,9,99.83,8.1,4.9
4.9,4.9,100,9,99.86,8.1,4.9
4.9,4.9,100,18,99.89,4.8,5.4
5.4,5.4,100,13,99.97,8.1,6.0
6.0,6.0,100,8,99.97,9.7,6.4
6.4,6.4,100,15,99.99,9.7,6.5
6.5,6.0,96,13,99.98,16.1,6.9
6.9,6.0,94,4,99.97,16.1,7.3
7.3,5.9,91,5,99.96,16.1,7.7
7.7,5.8,88,12,100.01,16.1,7.5
7.5,6.3,92,15,100.08,24.1,7.5
7.5,5.7,88,12,100.13,16.1,7.1
7.1,6.1,93,9,100.15,19.3,7.5
7.5,5.8,89,10,100.25,19.3,7.0
7.0,5.4,90,25,100.33,24.1,6.3
6.3,3.2,81,13,100.38,24.1,6.1
6.1,3.0,80,14,100.44,24.1,6.0
6.0,2.1,76,19,100.44,24.1,3.8
3.8,2.6,92,9,100.44,24.1,4.9
4.9,3.1,88,13,100.46,24.1,4.8
4.8,2.7,86,11,100.49,24.1,4.5
4.5,2.8,89,8,100.54,24.1,4.2
4.2,2.9,91,9,100.52,19.3,4.2
4.2,2.1,86,13,100.55,19.3,4.0
4.0,2.0,86,14,100.58,24.1,4.0
4.0,0.8,80,18,100.63,24.1,3.7
3.7,1.1,83,22,100.67,24.1,3.2
3.2,0.5,82,22,100.66,24.1,3.8
3.8,-0.2,75,25,100.72,24.1,4.4
4.4,-1.3,67,20,100.72,24.1,4.5
4.5,-2.3,61,18,100.71,24.1,4.8
4.8,-1.8,62,20,100.66,24.1,3.8
3.8,-3.1,61,22,100.6,24.1,3.3
3.3,-3.2,62,21,100.64,24.1,2.1
2.1,-3.8,65,21,100.69,24.1,0.5
0.5,-4.2,71,22,100.72,24.1,0.3
0.3,-3.9,73,18,100.8,24.1,0.0
0.0,-4.4,73,19,100.83,24.1,-0.6
-0.6,-4.5,75,20,100.85,24.1,-0.5
-0.5,-4.4,75,21,100.84,24.1,-0.6
-0.6,-3.8,79,22,100.83,24.1,-0.9
-0.9,-4.4,77,16,100.84,24.1,-1.8
-1.8,-4.5,82,20,100.83,24.1,-1.6
-1.6,-4.5,80,21,100.84,24.1,-1.4
-1.4,-4.2,81,13,100.85,24.1,-1.2
-1.2,-3.9,82,16,100.89,24.1,-1.3
-1.3,-3.7,84,13,100.87,24.1,-1.4
-1.4,-3.4,86,14,100.85,24.1,-1.4
-1.4,-3.2,87,13,100.86,24.1,-1.2
-1.2,-3.2,86,12,100.88,24.1,-0.9
-0.9,-2.9,86,16,100.9,24.1,-0.3
-0.3,-2.6,85,10,100.92,24.1,0.3
0.3,-3.0,79,14,100.95,24.1,0.5
0.5,-3.4,75,18,100.96,24.1,0.2
0.2,-2.7,81,14,100.91,24.1,0.0
0.0,-4.5,72,18,100.9,24.1,-0.1
-0.1,-4.5,73,13,100.87,24.1,-0.2
-0.2,-3.9,76,17,100.85,24.1,-0.4
-0.4,-4.1,76,20,100.82,24.1,-1.1
-1.1,-5.6,72,14,100.86,24.1,-1.9
-1.9,-5.5,76,12,100.88,24.1,-2.5
-2.5,-5.7,79,10,100.86,24.1,-3.1
-3.1,-5.6,83,11,100.87,24.1,-2.0
-2.0,-5.5,77,12,100.87,24.1,-1.9
-1.9,-7.9,64,18,100.88,24.1,-2.2
-2.2,-8.5,62,18,100.88,24.1,-2.5
-2.5,-9.2,60,25,100.86,24.1,-2.8
-2.8,-9.5,60,20,100.83,24.1,-3.1
-3.1,-9.6,61,22,100.83,24.1,-3.3
-3.3,-9.2,64,20,100.86,24.1,-3.5
-3.5,-9.1,66,20,100.87,24.1,-3.8
-3.8,-9.0,67,18,100.88,24.1,-4.2
-4.2,-8.7,71,24,100.88,24.1,-4.5
-4.5,-8.6,73,17,100.92,24.1,-4.8
-4.8,-8.5,75,16,100.94,24.1,-4.8
-4.8,-9.0,73,19,100.91,24.1,-4.4
-4.4,-8.7,72,14,100.84,24.1,-3.5
-3.5,-5.7,85,19,100.84,24.1,-2.9
-2.9,-5.0,85,18,100.78,24.1,-2.5
-2.5,-4.5,86,23,100.66,24.1,-2.4
-2.4,-4.5,86,24,100.65,24.1,-2.3
-2.3,-5.2,80,20,100.6,24.1,-2.2
-2.2,-5.2,80,20,100.57,24.1,-1.8
-1.8,-6.5,71,25,100.5,24.1,-1.4
-1.4,-5.0,77,17,100.5,24.1,-1.0
-1.0,-4.5,77,19,100.47,24.1,-1.1
-1.1,-3.6,83,28,100.39,24.1,-1.4
-1.4,-3.5,86,20,100.31,24.1,-1.7
-1.7,-3.2,90,22,100.31,24.1,-2.2
-2.2,-3.3,93,23,100.21,24.1,-2.8
-2.8,-5.1,84,14,100.18,24.1,-3.3
-3.3,-6.4,79,13,100.17,24.1,-3.4
-3.4,-5.8,83,13,100.07,24.1,-3.1
-3.1,-4.4,91,12,100.09,24.1,-2.9
-2.9,-3.4,97,16,100.0,24.1,-2.8
-2.8,-2.8,100,16,99.94,24.1,-2.5
-2.5,-2.5,100,16,99.88,24.1,-2.2
-2.2,-2.2,100,10,99.86,3.6,-3.2
-3.2,-3.2,100,14,99.86,1.2,-3.7
-3.7,-3.7,100,14,99.83,1.2,-3.5
-3.5,-3.6,100,18,99.83,2.8,-3.4
-3.4,-3.6,99,18,99.81,3.2,-2.8
-2.8,-3.7,94,19,99.75,6.4,-2.5
-2.5,-3.1,95,18,99.74,6.4,-1.8
-1.8,-3.2,91,17,99.76,9.7,-1.6
-1.6,-3.5,87,18,99.82,24.1,-1.2
-1.2,-3.4,85,18,99.87,24.1,-1.2
-1.2,-3.8,82,24,99.92,24.1,-1.4
-1.4,-3.2,87,21,99.97,24.1,-1.4
-1.4,-2.7,91,18,100.0,24.1,-1.6
-1.6,-2.9,91,18,100.03,24.1,-1.7
-1.7,-3.8,86,13,100.08,24.1,-1.8
-1.8,-3.9,86,17,100.08,24.1,-1.8
-1.8,-3.4,89,12,100.1,24.1,-1.9
-1.9,-3.2,90,14,100.15,24.1,-1.9
-1.9,-3.3,90,11,100.17,24.1,-1.9
-1.9,-2.9,93,14,100.24,24.1,-2.5
-2.5,-3.7,91,15,100.32,24.1,-2.6
-2.6,-4.0,90,14,100.37,24.1,-3.1
-3.1,-4.3,91,17,100.4,24.1,-3.3
-3.3,-4.0,95,18,100.47,24.1,-3.6
-3.6,-4.2,96,17,100.54,24.1,-4.3
-4.3,-4.8,96,16,100.59,24.1,-3.8
-3.8,-5.4,89,12,100.67,24.1,-3.1
-3.1,-5.4,84,14,100.71,24.1,-2.8
-2.8,-5.7,81,12,100.72,24.1,-2.6
-2.6,-5.9,78,10,100.7,24.1,-2.2
-2.2,-5.2,80,10,100.67,24.1,-2.0
-2.0,-5.7,76,9,100.68,24.1,-2.1
-2.1,-6.6,72,13,100.71,24.1,-2.4
-2.4,-5.7,78,12,100.75,24.1,-2.6
-2.6,-5.4,81,15,100.8,24.1,-2.6
-2.6,-6.5,74,13,100.84,24.1,-2.8
-2.8,-6.2,78,7,100.87,24.1,-3.3
-3.3,-6.8,77,15,100.89,24.1,-4.8
-4.8,-8.1,78,8,100.89,24.1,-5.2
-5.2,-7.9,81,16,100.93,24.1,-5.5
-5.5,-8.0,83,13,100.95,24.1,-6.7
-6.7,-8.2,89,9,100.91,24.1,-7.6
-7.6,-8.7,92,13,100.92,24.1,-7.5
-7.5,-8.6,92,8,100.91,24.1,-7.9
-7.9,-8.9,93,9,100.91,24.1,-8.3
-8.3,-9.3,93,10,100.9,24.1,-8.0
-8.0,-9.1,92,12,100.89,24.1,-7.8
-7.8,-9.3,89,14,100.9,24.1,-7.9
-7.9,-8.7,95,9,100.94,24.1,-7.4
-7.4,-8.2,94,15,100.95,24.1,-6.9
-6.9,-8.6,88,10,100.95,24.1,-4.7
-4.7,-8.4,75,8,100.95,24.1,-3.2
-3.2,-8.3,68,9,100.94,24.1,-1.9
-1.9,-9.0,59,10,100.85,24.1,-1.4
-1.4,-9.6,54,6,100.75,24.1,-0.9
-0.9,-9.2,53,6,100.68,24.1,-0.9
-0.9,-9.5,52,13,100.69,24.1,-2.0
-2.0,-10.2,54,17,100.68,24.1,-3.1
-3.1,-10.1,59,13,100.69,24.1,-3.4
-3.4,-9.7,62,13,100.69,24.1,-3.5
-3.5,-9.1,65,19,100.62,24.1,-4.0
-4.0,-7.8,75,17,100.55,24.1,-4.0
-4.0,-7.3,78,16,100.54,24.1,-4.4
-4.4,-6.3,86,15,100.55,24.1,-4.3
-4.3,-6.5,85,21,100.52,24.1,-4.3
-4.3,-5.7,91,16,100.48,24.1,-4.8
-4.8,-5.8,93,18,100.44,24.1,-5.2
-5.2,-6.1,94,14,100.5,24.1,-5.7
-5.7,-6.7,93,10,100.52,24.1,-6.2
-6.2,-7.5,91,11,100.5,24.1,-6.4
-6.4,-8.6,85,8,100.53,24.1,-7.5
-7.5,-9.4,86,13,100.56,24.1,-6.2
-6.2,-9.9,75,18,100.57,24.1,-6.4
-6.4,-11.1,69,12,100.54,24.1,-5.7
-5.7,-10.9,67,11,100.56,24.1,-4.8
-4.8,-11.4,60,16,100.6,24.1,-3.9
-3.9,-11.2,57,8,100.58,24.1,-2.9
-2.9,-11.4,52,8,100.47,24.1,-2.7
-2.7,-12.4,48,0,100.4,24.1,-2.1
-2.1,-11.4,49,4,100.33,24.1,-1.8
-1.8,-9.7,55,13,100.33,24.1,-2.4
-2.4,-8.7,62,10,100.3,24.1,-2.9
-2.9,-8.5,66,12,100.33,24.1,-3.5
-3.5,-7.8,72,10,100.28,24.1,-3.8
-3.8,-9.3,66,11,100.26,24.1,-4.2
-4.2,-9.2,68,10,100.26,24.1,-4.7
-4.7,-7.5,81,10,100.22,24.1,-3.8
-3.8,-6.4,82,9,100.17,24.1,-2.2
-2.2,-4.6,83,11,100.16,24.1,-1.4
-1.4,-3.0,89,17,100.06,24.1,-1.1
-1.1,-2.3,92,19,99.93,24.1,-1.2
-1.2,-2.0,94,18,99.8,24.1,0.2
0.2,-1.8,86,23,99.79,24.1,0.0
0.0,-3.2,79,40,99.63,24.1,0.5
0.5,-1.9,84,34,99.52,24.1,0.8
0.8,-1.9,82,33,99.46,24.1,1.1
1.1,-2.0,80,25,99.36,24.1,1.2
1.2,-2.0,79,39,99.29,24.1,1.0
1.0,-0.2,92,28,99.25,9.7,0.8
0.8,0.4,98,32,99.26,8.1,0.7
0.7,0.7,100,27,99.21,4.0,0.6
0.6,0.6,100,23,99.11,2.0,0.6
0.6,0.6,100,23,99.02,2.0,0.7
0.7,0.7,100,24,98.96,3.2,0.7
0.7,0.7,100,20,98.94,3.2,1.1
1.1,1.1,100,29,98.95,8.1,1.0
1.0,1.0,100,32,98.96,4.8,0.5
0.5,0.5,100,28,98.98,2.4,0.5
0.5,0.5,100,30,98.99,4.8,0.7
0.7,0.7,100,23,98.94,6.4,1.2
1.2,1.2,100,27,98.9,6.4,1.4
1.4,1.4,100,24,98.86,9.7,1.0
1.0,1.0,100,23,98.82,6.4,1.6
1.6,1.6,100,20,98.79,6.4,1.6
1.6,1.6,100,24,98.75,6.4,1.4
1.4,1.4,100,24,98.75,6.4,1.4
1.4,1.4,100,20,98.73,6.4,1.6
1.6,1.6,100,20,98.7,6.4,1.7
1.7,1.7,100,18,98.67,4.8,1.8
1.8,1.8,100,10,98.68,4.8,1.7
1.7,1.7,100,12,98.66,4.8,1.8
1.8,1.8,100,7,98.65,6.4,1.8
1.8,1.8,100,0,98.66,4.8,2.0
2.0,2.0,100,3,98.68,4.8,2.4
2.4,2.4,100,8,98.66,4.0,2.3
2.3,2.3,100,8,98.59,8.1,3.1
3.1,1.8,91,8,98.54,12.9,3.6
3.6,0.3,79,8,98.5,19.3,3.0
3.0,-0.2,79,13,98.5,24.1,2.5
2.5,-0.2,83,12,98.55,24.1,2.0
2.0,0.5,90,11,98.55,24.1,1.5
1.5,0.0,90,9,98.56,24.1,1.6
1.6,0.2,91,11,98.55,24.1,0.9
0.9,-1.1,86,18,98.56,4.8,0.5
0.5,0.5,100,7,98.54,6.4,0.3
0.3,0.3,100,8,98.53,4.0,-1.1
-1.1,-1.1,100,7,98.45,16.1,-1.9
-1.9,-2.1,98,9,98.46,16.1,-1.2
-1.2,-1.7,96,9,98.43,16.1,-1.3
-1.3,-1.4,99,9,98.42,16.1,-1.2
-1.2,-1.2,100,4,98.45,12.9,-0.9
-0.9,-1.0,100,4,98.43,12.9,-0.8
-0.8,-1.3,97,6,98.42,16.1,-0.8
-0.8,-1.4,96,13,98.44,16.1,-0.7
-0.7,-2.2,90,14,98.49,24.1,-0.8
-0.8,-2.5,88,14,98.5,24.1,-0.6
-0.6,-3.5,81,14,98.53,24.1,0.0
0.0,-4.9,70,29,98.56,24.1,-0.3
-0.3,-4.7,72,23,98.56,24.1,-0.6
-0.6,-4.8,74,19,98.49,24.1,0.7
0.7,-4.5,68,23,98.48,24.1,0.4
0.4,-4.9,68,18,98.46,24.1,-0.3
-0.3,-5.2,69,22,98.54,24.1,-0.5
-0.5,-5.9,67,22,98.61,24.1,-0.9
-0.9,-6.2,67,12,98.67,24.1,-1.3
-1.3,-5.3,75,11,98.65,24.1,-2.3
-2.3,-5.1,81,8,98.67,24.1,-1.6
-1.6,-4.5,80,16,98.71,24.1,-1.9
-1.9,-4.5,83,15,98.72,24.1,-2.3
-2.3,-4.5,85,9,98.71,24.1,-1.8
-1.8,-4.7,81,10,98.7,24.1,-1.8
-1.8,-4.3,83,12,98.7,16.1,-1.7
-1.7,-4.1,84,15,98.7,9.7,-1.9
-1.9,-4.0,85,12,98.72,16.1,-2.1
-2.1,-4.1,86,14,98.77,19.3,-2.5
-2.5,-4.5,86,12,98.78,19.3,-2.2
-2.2,-4.6,84,16,98.81,19.3,-2.5
-2.5,-5.0,83,14,98.82,19.3,-2.7
-2.7,-4.9,85,14,98.85,24.1,-2.8
-2.8,-4.6,87,17,98.88,19.3,-2.2
-2.2,-4.7,83,15,98.95,19.3,-0.8
-0.8,-4.7,75,27,99.03,16.1,-0.4
-0.4,-4.9,72,23,99.07,24.1,-0.6
-0.6,-5.0,72,24,99.06,24.1,-0.5
-0.5,-4.2,76,22,99.07,24.1,-0.3
-0.3,-4.1,75,27,99.08,24.1,-0.3
-0.3,-3.0,82,22,99.13,19.3,-0.5
-0.5,-1.2,95,21,99.21,2.4,-0.8
-0.8,-0.8,100,16,99.26,12.9,-0.1
-0.1,-3.8,76,35,99.32,24.1,-0.4
-0.4,-3.9,78,39,99.35,24.1,-1.1
-1.1,-3.6,83,35,99.4,24.1,-1.6
-1.6,-4.1,83,25,99.48,24.1,-1.3
-1.3,-3.9,83,29,99.54,24.1,-1.6
-1.6,-4.4,82,29,99.62,24.1,-2.0
-2.0,-4.7,82,27,99.7,24.1,-1.7
-1.7,-4.1,83,22,99.74,24.1,-1.8
-1.8,-4.6,81,21,99.77,24.1,-2.2
-2.2,-4.8,83,20,99.87,24.1,-1.8
-1.8,-4.3,83,24,99.9,24.1,-1.8
-1.8,-4.4,82,28,99.92,16.1,-2.2
-2.2,-5.0,81,26,100.0,24.1,-2.7
-2.7,-4.5,87,19,100.07,24.1,-2.0
-2.0,-4.5,83,23,100.14,24.1,-1.5
-1.5,-5.0,77,26,100.22,24.1,-0.6
-0.6,-4.6,74,25,100.28,24.1,-0.4
-0.4,-4.8,72,30,100.32,24.1,0.5
0.5,-5.1,66,30,100.33,24.1,0.8
0.8,-5.0,65,31,100.32,24.1,0.7
0.7,-5.6,63,39,100.38,24.1,0.1
0.1,-4.3,72,28,100.44,16.1,-0.3
-0.3,-3.0,82,21,100.54,16.1,-0.3
-0.3,-5.0,70,16,100.62,24.1,-0.7
-0.7,-5.3,71,18,100.68,24.1,-0.8
-0.8,-6.0,68,25,100.72,24.1,-0.9
-0.9,-5.6,70,18,100.77,24.1,-1.2
-1.2,-5.3,74,16,100.8,24.1,-1.3
-1.3,-5.3,74,16,100.87,24.1,-1.5
-1.5,-4.4,80,12,100.9,24.1,-1.4
-1.4,-5.0,77,15,100.9,24.1,-1.7
-1.7,-4.8,79,13,100.87,24.1,-1.8
-1.8,-4.5,81,11,100.9,24.1,-1.6
-1.6,-3.8,85,9,100.95,24.1,-1.6
-1.6,-3.4,88,10,100.98,24.1,-1.5
-1.5,-3.6,86,9,101.0,24.1,-1.4
-1.4,-4.9,77,9,101.02,24.1,-1.5
-1.5,-4.8,79,9,101.07,24.1,-1.5
-1.5,-5.2,76,8,101.07,24.1,-1.5
-1.5,-5.6,73,7,101.06,24.1,-0.9
-0.9,-6.3,66,5,101.07,24.1,-0.8
-0.8,-5.9,69,12,101.07,24.1,-0.4
-0.4,-5.8,67,10,100.98,24.1,-0.3
-0.3,-6.1,65,13,100.92,24.1,-0.3
-0.3,-6.2,65,13,100.86,24.1,0.1
0.1,-6.7,61,13,100.85,24.1,0.0
0.0,-6.2,63,14,100.84,24.1,-0.8
-0.8,-5.8,69,15,100.85,24.1,-0.4
-0.4,-5.0,71,5,100.88,24.1,-0.5
-0.5,-4.5,75,15,100.8,24.1,-0.7
-0.7,-3.6,80,9,100.84,24.1,-1.3
-1.3,-3.2,87,8,100.79,24.1,-1.8
-1.8,-3.2,90,10,100.75,24.1,-2.1
-2.1,-3.3,91,9,100.76,24.1,-2.3
-2.3,-3.2,93,10,100.74,24.1,-2.7
-2.7,-3.5,94,8,100.68,24.1,-3.0
-3.0,-5.2,85,9,100.68,24.1,-3.6
-3.6,-4.6,93,16,100.72,24.1,-3.8
-3.8,-4.9,92,11,100.71,24.1,-3.5
-3.5,-4.8,91,8,100.73,24.1,-3.4
-3.4,-4.8,90,10,100.74,24.1,-4.4
-4.4,-5.1,95,10,100.78,24.1,-4.3
-4.3,-5.1,94,16,100.81,16.1,-3.2
-3.2,-4.9,88,17,100.86,19.3,-2.4
-2.4,-6.2,76,22,100.92,24.1,-1.7
-1.7,-6.8,68,19,100.94,24.1,-0.9
-0.9,-7.4,62,17,100.9,24.1,-0.5
-0.5,-8.3,56,13,100.86,24.1,-0.4
-0.4,-9.3,51,17,100.86,24.1,-0.5
-0.5,-9.9,49,13,100.86,24.1,-1.7
-1.7,-9.9,54,11,100.88,24.1,-2.4
-2.4,-9.7,58,9,100.88,24.1,-3.1
-3.1,-9.2,63,9,100.88,24.1,-3.4
-3.4,-9.6,63,7,100.85,24.1,-3.8
-3.8,-9.2,66,7,100.83,24.1,-3.8
-3.8,-8.7,69,8,100.81,24.1,-3.8
-3.8,-8.0,73,9,100.77,24.1,-2.7
-2.7,-9.2,61,8,100.76,24.1,-2.4
-2.4,-7.7,67,10,100.69,24.1,-2.4
-2.4,-5.7,78,12,100.61,24.1,-2.2
-2.2,-5.4,79,13,100.54,24.1,-2.0
-2.0,-4.6,83,10,100.48,24.1,-1.0
-1.0,-2.2,91,12,100.34,24.1,0.0
0.0,-0.2,99,13,100.26,9.7,0.3
0.3,0.3,100,17,100.14,9.7,0.8
0.8,0.8,100,11,100.05,24.1,1.2
1.2,-2.0,79,10,99.96,24.1,2.4
2.4,-2.0,73,14,99.93,24.1,3.5
3.5,-2.9,63,16,99.84,24.1,3.6
3.6,-3.7,59,18,99.75,24.1,3.8
3.8,-4.0,57,18,99.67,24.1,3.3
3.3,-3.5,61,16,99.53,24.1,3.8
3.8,-2.8,62,18,99.39,16.1,3.8
3.8,-1.3,69,21,99.29,24.1,4.0
4.0,0.4,77,18,99.25,24.1,3.8
3.8,0.1,77,15,99.18,24.1,4.0
4.0,1.2,82,17,99.07,24.1,3.8
3.8,1.9,87,16,98.88,24.1,3.5
3.5,2.9,96,26,98.62,24.1,3.0
3.0,3.0,100,22,98.39,2.4,2.7
2.7,2.7,100,25,98.21,4.8,3.0
3.0,3.0,100,26,97.96,4.8,3.5
3.5,3.5,100,34,97.76,2.0,3.4
3.4,3.4,100,17,97.5,3.2,3.5
3.5,3.5,100,17,97.25,4.8,3.5
3.5,3.5,100,18,97.03,4.8,3.6
3.6,3.6,100,12,96.74,4.8,3.7
3.7,3.7,100,15,96.52,4.8,3.4
3.4,3.4,100,16,96.31,6.4,3.2
3.2,3.2,100,14,96.13,6.4,3.1
3.1,3.1,100,5,95.96,4.8,1.4
1.4,1.4,100,30,95.96,4.8,-3.0
-3.0,-4.4,90,66,96.15,2.4,-5.8
-5.8,-7.5,88,58,96.31,2.0,-7.6
-7.6,-10.2,82,49,96.4,1.6,-9.4
-9.4,-12.1,80,40,96.48,2.4,-10.4
-10.4,-13.9,76,54,96.55,4.0,-11.1
-11.1,-14.4,77,45,96.58,4.0,-13.4
-13.4,-16.9,75,46,96.66,4.0,-13.3
-13.3,-17.1,73,37,96.71,8.1,-12.8
-12.8,-17.3,69,46,96.76,9.7,-12.6
-12.6,-16.6,72,43,96.82,6.4,-12.8
-12.8,-15.9,78,46,96.81,3.2,-12.8
-12.8,-16.5,74,50,96.81,4.8,-12.7
-12.7,-16.8,72,44,96.96,24.1,-12.9
-12.9,-17.4,70,47,97.06,19.3,-13.2
-13.2,-18.5,65,52,97.12,19.3,-13.6
-13.6,-18.5,67,42,97.17,24.1,-14.7
-14.7,-18.9,70,41,97.19,12.9,-14.2
-14.2,-19.3,66,53,97.27,24.1,-14.2
-14.2,-19.1,67,59,97.22,24.1,-14.1
-14.1,-18.6,69,45,97.23,24.1,-13.8
-13.8,-18.4,68,44,97.3,24.1,-13.3
-13.3,-18.2,67,47,97.31,24.1,-13.1
-13.1,-17.8,68,47,97.38,24.1,-12.8
-12.8,-17.5,68,48,97.49,24.1,-12.3
-12.3,-16.9,69,39,97.54,19.3,-11.3
-11.3,-16.7,65,51,97.61,24.1,-10.8
-10.8,-16.2,65,49,97.58,24.1,-10.3
-10.3,-15.8,64,40,97.6,24.1,-10.4
-10.4,-15.7,65,45,97.62,24.1,-9.8
-9.8,-14.6,68,41,97.62,24.1,-10.1
-10.1,-15.2,66,53,97.69,24.1,-10.1
-10.1,-15.4,66,58,97.74,16.1,-10.4
-10.4,-15.6,66,46,97.83,24.1,-10.5
-10.5,-15.5,67,48,97.88,24.1,-10.3
-10.3,-15.3,67,37,97.88,24.1,-9.6
-9.6,-14.6,67,53,97.84,24.1,-9.4
-9.4,-14.1,69,35,97.86,24.1,-9.2
-9.2,-13.6,71,37,97.87,24.1,-9.3
-9.3,-13.6,71,43,97.91,24.1,-9.1
-9.1,-13.4,71,46,97.9,24.1,-8.9
-8.9,-12.9,73,44,97.92,24.1,-8.5
-8.5,-12.8,72,39,98.0,24.1,-8.5
-8.5,-12.2,75,26,98.03,24.1,-8.0
-8.0,-12.3,72,39,98.06,24.1,-8.3
-8.3,-11.8,76,40,98.16,16.1,-8.4
-8.4,-11.3,80,37,98.2,12.9,-8.1
-8.1,-11.4,77,37,98.27,24.1,-7.4
-7.4,-11.5,73,41,98.36,24.1,-6.5
-6.5,-11.2,70,44,98.44,24.1,-5.8
-5.8,-10.7,69,44,98.51,24.1,-5.2
-5.2,-10.4,67,42,98.51,24.1,-5.2
-5.2,-10.9,64,44,98.53,24.1,-5.1
-5.1,-10.5,66,39,98.6,24.1,-5.8
-5.8,-10.7,69,31,98.68,24.1,-6.4
-6.4,-10.8,71,34,98.76,19.3,-7.3
-7.3,-11.5,72,37,98.83,19.3,-7.6
-7.6,-11.3,75,31,98.93,24.1,-8.1
-8.1,-11.9,74,40,98.98,24.1,-8.3
-8.3,-11.9,75,34,99.05,24.1,-8.6
-8.6,-12.2,75,36,99.11,24.1,-8.4
-8.4,-12.4,73,35,99.16,24.1,-8.5
-8.5,-12.5,73,34,99.21,24.1,-8.3
-8.3,-12.1,74,35,99.24,24.1,-8.8
-8.8,-12.3,76,32,99.31,24.1,-9.0
-9.0,-12.1,79,23,99.4,24.1,-8.7
-8.7,-12.0,77,30,99.46,19.3,-8.1
-8.1,-11.8,75,28,99.51,19.3,-8.2
-8.2,-11.6,77,26,99.58,19.3,-8.3
-8.3,-11.6,77,27,99.69,19.3,-8.2
-8.2,-11.4,78,23,99.76,16.1,-8.3
-8.3,-11.2,80,21,99.81,16.1,-8.1
-8.1,-11.5,77,18,99.88,9.7,-7.1
-7.1,-11.0,74,16,99.91,16.1,-6.9
-6.9,-11.7,69,21,99.93,24.1,-6.1
-6.1,-12.5,61,23,99.83,24.1,-5.9
-5.9,-12.0,63,20,99.79,24.1,-5.8
-5.8,-11.6,64,22,99.8,19.3,-6.0
-6.0,-10.9,68,19,99.85,19.3,-5.8
-5.8,-10.3,70,16,99.9,24.1,-5.9
-5.9,-10.7,69,16,99.86,24.1,-6.1
-6.1,-11.0,68,15,99.89,24.1,-6.3
-6.3,-10.9,70,18,99.93,24.1,-6.2
-6.2,-10.6,71,18,99.95,24.1,-6.2
-6.2,-10.1,74,16,99.95,24.1,-6.1
-6.1,-9.8,75,20,99.95,24.1,-6.0
-6.0,-9.6,76,20,99.96,24.1,-6.1
-6.1,-9.2,78,21,99.92,24.1,-6.3
-6.3,-9.2,80,17,99.85,24.1,-6.6
-6.6,-9.1,82,27,99.89,24.1,-6.7
-6.7,-9.1,83,23,99.96,24.1,-6.6
-6.6,-8.9,84,23,99.95,24.1,-6.3
-6.3,-8.8,83,21,99.97,24.1,-6.0
-6.0,-8.7,82,18,100.0,24.1,-5.7
-5.7,-8.8,79,25,100.05,24.1,-5.4
-5.4,-8.9,77,19,100.06,24.1,-5.4
-5.4,-8.7,77,19,100.09,24.1,-4.7
-4.7,-9.2,71,24,100.11,24.1,-4.5
-4.5,-9.3,69,22,100.15,24.1,-4.7
-4.7,-8.4,75,16,100.14,16.1,-3.4
-3.4,-8.6,68,21,100.05,19.3,-2.7
-2.7,-9.4,60,24,100.01,24.1,-2.8
-2.8,-9.9,58,19,99.99,24.1,-3.0
-3.0,-9.9,59,16,100.0,24.1,-3.4
-3.4,-10.0,61,17,100.0,24.1,-3.4
-3.4,-9.8,61,11,99.99,24.1,-3.0
-3.0,-9.5,61,13,99.97,24.1,-2.6
-2.6,-7.3,70,21,99.98,24.1,-2.5
-2.5,-5.8,78,16,99.86,24.1,-2.1
-2.1,-5.1,80,15,99.8,24.1,-1.8
-1.8,-5.0,79,19,99.77,19.3,-1.6
-1.6,-4.7,79,15,99.75,19.3,-1.4
-1.4,-4.2,82,14,99.71,16.1,-1.2
-1.2,-3.8,83,14,99.68,16.1,-0.9
-0.9,-3.3,84,13,99.69,16.1,-0.6
-0.6,-2.8,85,14,99.66,16.1,-0.4
-0.4,-2.5,85,16,99.61,16.1,0.1
0.1,-2.5,83,22,99.6,19.3,0.3
0.3,-2.5,82,21,99.58,24.1,0.6
0.6,-2.4,81,16,99.58,19.3,1.0
1.0,-2.0,80,17,99.59,19.3,1.7
1.7,-1.9,77,17,99.61,19.3,2.3
2.3,-1.9,74,18,99.62,19.3,2.7
2.7,-1.9,72,21,99.58,24.1,3.4
3.4,-2.0,68,18,99.53,24.1,3.8
3.8,-2.4,64,17,99.56,24.1,3.7
3.7,-2.7,63,26,99.57,24.1,3.6
3.6,-2.7,63,19,99.64,24.1,3.6
3.6,-3.2,61,14,99.64,24.1,3.1
3.1,-3.1,64,8,99.63,24.1,3.7
3.7,-3.0,61,18,99.64,24.1,4.4
4.4,-3.1,58,19,99.65,24.1,4.5
4.5,-3.1,58,16,99.64,24.1,3.7
3.7,-3.2,61,9,99.65,24.1,3.4
3.4,-3.0,63,10,99.62,24.1,3.4
3.4,-3.1,63,12,99.61,24.1,3.0
3.0,-3.1,64,11,99.6,24.1,2.7
2.7,-3.0,66,7,99.61,24.1,2.4
2.4,-2.3,71,8,99.64,24.1,2.2
2.2,-1.8,75,7,99.6,24.1,2.3
2.3,-2.0,73,9,99.56,24.1,2.7
2.7,-2.6,68,8,99.57,24.1,3.0
3.0,-3.1,64,9,99.6,24.1,3.0
3.0,-3.0,65,9,99.63,24.1,4.3
4.3,-2.3,62,9,99.65,24.1,6.9
6.9,-1.1,57,13,99.65,24.1,8.6
8.6,0.9,58,18,99.66,24.1,9.1
9.1,1.8,61,27,99.62,24.1,9.2
9.2,3.5,67,23,99.55,24.1,9.0
9.0,5.2,77,23,99.56,24.1,9.0
9.0,6.6,85,18,99.56,24.1,8.9
8.9,7.2,89,20,99.62,24.1,8.9
8.9,7.6,91,19,99.66,24.1,8.7
8.7,8.3,98,19,99.7,24.1,8.8
8.8,7.4,91,13,99.74,24.1,9.2
9.2,6.9,85,16,99.74,24.1,9.0
9.0,8.0,94,14,99.73,24.1,9.1
9.1,7.7,91,8,99.74,24.1,8.6
8.6,7.7,94,8,99.76,24.1,8.6
8.6,7.8,95,9,99.76,24.1,8.6
8.6,7.4,92,8,99.74,24.1,8.5
8.5,7.0,90,10,99.71,24.1,8.4
8.4,6.9,90,8,99.72,24.1,8.3
8.3,7.1,92,10,99.67,24.1,8.5
8.5,7.3,92,9,99.62,24.1,8.9
8.9,7.4,90,9,99.59,24.1,9.8
9.8,7.5,85,10,99.59,24.1,11.1
11.1,7.5,78,11,99.6,24.1,10.8
10.8,8.0,83,9,99.6,24.1,12.2
12.2,8.7,79,13,99.63,24.1,12.7
12.7,9.1,78,16,99.63,24.1,12.9
12.9,9.6,80,19,99.54,24.1,12.9
12.9,10.5,85,28,99.45,24.1,12.9
12.9,10.7,86,17,99.4,24.1,12.8
12.8,9.7,81,23,99.36,24.1,12.1
12.1,10.2,88,15,99.39,24.1,11.4
11.4,10.9,96,21,99.42,19.3,11.0
11.0,11.0,100,14,99.45,19.3,10.5
10.5,10.5,100,17,99.47,8.1,10.2
10.2,10.2,100,13,99.5,6.4,10.4
10.4,10.4,100,13,99.47,8.1,10.5
10.5,10.5,100,10,99.43,6.4,10.2
10.2,10.2,100,11,99.48,6.4,10.3
10.3,10.3,100,5,99.44,6.4,9.3
9.3,9.3,100,11,99.33,8.1,9.6
9.6,9.6,100,0,99.29,8.1,9.2
9.2,9.2,100,8,99.31,0.8,8.6
8.6,8.6,100,9,99.24,0.8,8.2
8.2,8.2,100,7,99.17,0.8,7.9
7.9,7.9,100,12,99.1,0.8,7.6
7.6,7.6,100,8,99.08,0.8,7.7
7.7,7.7,100,9,99.03,0.8,8.0
8.0,8.0,100,4,98.98,4.8,8.0
8.0,8.0,100,6,98.95,2.0,8.3
8.3,8.3,100,8,98.87,0.8,8.4
8.4,8.4,100,7,98.8,0.8,8.4
8.4,8.4,100,6,98.69,1.6,9.2
9.2,9.2,100,4,98.61,4.0,8.9
8.9,8.9,100,0,98.59,3.2,8.0
8.0,8.0,100,6,98.59,8.1,6.9
6.9,6.9,100,16,98.63,8.1,5.8
5.8,5.8,100,22,98.71,16.1,5.2
5.2,5.2,100,28,98.79,12.9,4.6
4.6,4.6,100,29,98.83,16.1,4.0
4.0,4.0,100,33,98.91,16.1,4.0
4.0,2.0,87,26,98.97,16.1,3.7
